1000memories	"1000memories"@0	1000memories~^~is~^~the~^~new~^~shoebox~^~for~^~your~^~old~^~photos~^~.	1000memory~^~be~^~the~^~new~^~shoebox~^~for~^~you~^~old~^~photo~^~.	NNS~^~VBZ~^~DT~^~JJ~^~NN~^~IN~^~PRP$~^~JJ~^~NNS~^~.	O~^~O~^~O~^~O~^~O~^~O~^~O~^~O~^~O~^~O	nsubj~^~cop~^~det~^~amod~^~root~^~_~^~poss~^~amod~^~prep_for~^~_	5~^~5~^~5~^~5~^~0~^~0~^~9~^~9~^~5~^~0
1000memories	"1000memories"@0	1000memories~^~is~^~the~^~new~^~shoebox~^~for~^~your~^~old~^~photos~^~.	1000memory~^~be~^~the~^~new~^~shoebox~^~for~^~you~^~old~^~photo~^~.	NNS~^~VBZ~^~DT~^~JJ~^~NN~^~IN~^~PRP$~^~JJ~^~NNS~^~.	O~^~O~^~O~^~O~^~O~^~O~^~O~^~O~^~O~^~O	nsubj~^~cop~^~det~^~amod~^~root~^~_~^~poss~^~amod~^~prep_for~^~_	5~^~5~^~5~^~5~^~0~^~0~^~9~^~9~^~5~^~0
25eight	"25eight"@0	25eight~^~is~^~a~^~software~^~company~^~in~^~Pittsburgh~^~,~^~PA~^~building~^~DeviceKnit~^~,~^~among~^~other~^~products~^~.	25eight~^~be~^~a~^~software~^~company~^~in~^~Pittsburgh~^~,~^~pa~^~building~^~DeviceKnit~^~,~^~among~^~other~^~product~^~.	NN~^~VBZ~^~DT~^~NN~^~NN~^~IN~^~NNP~^~,~^~NN~^~NN~^~NNP~^~,~^~IN~^~JJ~^~NNS~^~.	O~^~O~^~O~^~O~^~O~^~O~^~LOCATION~^~O~^~LOCATION~^~O~^~O~^~O~^~O~^~O~^~O~^~O	nsubj~^~cop~^~det~^~nn~^~root~^~_~^~prep_in~^~_~^~nn~^~nn~^~appos~^~_~^~_~^~amod~^~prep_among~^~_	5~^~5~^~5~^~5~^~0~^~0~^~5~^~0~^~11~^~11~^~7~^~0~^~0~^~15~^~5~^~0
25eight	"25eight"@0	25eight~^~is~^~a~^~software~^~company~^~in~^~Pittsburgh~^~,~^~PA~^~building~^~DeviceKnit~^~,~^~among~^~other~^~products~^~.	25eight~^~be~^~a~^~software~^~company~^~in~^~Pittsburgh~^~,~^~pa~^~building~^~DeviceKnit~^~,~^~among~^~other~^~product~^~.	NN~^~VBZ~^~DT~^~NN~^~NN~^~IN~^~NNP~^~,~^~NN~^~NN~^~NNP~^~,~^~IN~^~JJ~^~NNS~^~.	O~^~O~^~O~^~O~^~O~^~O~^~LOCATION~^~O~^~LOCATION~^~O~^~O~^~O~^~O~^~O~^~O~^~O	nsubj~^~cop~^~det~^~nn~^~root~^~_~^~prep_in~^~_~^~nn~^~nn~^~appos~^~_~^~_~^~amod~^~prep_among~^~_	5~^~5~^~5~^~5~^~0~^~0~^~5~^~0~^~11~^~11~^~7~^~0~^~0~^~15~^~5~^~0
2nd-story-software-inc	"2nd-story-software-inc"@2	2nd~^~Story~^~Software~^~,~^~Inc.~^~was~^~founded~^~in~^~1998~^~and~^~is~^~headquartered~^~in~^~Cedar~^~Rapids~^~,~^~Iowa~^~.	2nd~^~Story~^~Software~^~,~^~Inc.~^~be~^~found~^~in~^~1998~^~and~^~be~^~headquarter~^~in~^~Cedar~^~Rapids~^~,~^~Iowa~^~.	JJ~^~NNP~^~NNP~^~,~^~NNP~^~VBD~^~VBN~^~IN~^~CD~^~CC~^~VBZ~^~VBN~^~IN~^~NNP~^~NNP~^~,~^~NNP~^~.	ORDINAL~^~O~^~O~^~O~^~ORGANIZATION~^~O~^~O~^~O~^~DATE~^~O~^~O~^~O~^~O~^~LOCATION~^~LOCATION~^~O~^~LOCATION~^~O	amod~^~nn~^~nn~^~_~^~nsubjpass~^~auxpass~^~root~^~_~^~prep_in~^~_~^~auxpass~^~conj_and~^~_~^~nn~^~prep_in~^~_~^~appos~^~_	5~^~5~^~5~^~0~^~12~^~7~^~0~^~0~^~7~^~0~^~12~^~7~^~0~^~15~^~12~^~0~^~15~^~0
2nd-story-software-inc	"2nd-story-software-inc"@1	Its~^~products~^~include~^~TaxACT~^~,~^~a~^~Web-based~^~platform~^~that~^~offers~^~alerts~^~system~^~to~^~prevent~^~mistakes~^~caused~^~by~^~omissions~^~;~^~two~^~way~^~data~^~entry~^~,~^~including~^~interview~^~format~^~,~^~or~^~the~^~forms-based~^~entry~^~method~^~;~^~and~^~federal~^~electronic~^~tax~^~preparation~^~,~^~printing~^~,~^~and~^~electronic~^~filing~^~services~^~to~^~American~^~taxpayers~^~.	its~^~product~^~include~^~TaxACT~^~,~^~a~^~web-based~^~platform~^~that~^~offer~^~alert~^~system~^~to~^~prevent~^~mistake~^~cause~^~by~^~omission~^~;~^~two~^~way~^~datum~^~entry~^~,~^~include~^~interview~^~format~^~,~^~or~^~the~^~forms-based~^~entry~^~method~^~;~^~and~^~federal~^~electronic~^~tax~^~preparation~^~,~^~printing~^~,~^~and~^~electronic~^~filing~^~service~^~to~^~american~^~taxpayer~^~.	PRP$~^~NNS~^~VBP~^~NNP~^~,~^~DT~^~JJ~^~NN~^~WDT~^~VBZ~^~VBZ~^~NN~^~TO~^~VB~^~NNS~^~VBN~^~IN~^~NNS~^~:~^~CD~^~NN~^~NNS~^~NN~^~,~^~VBG~^~NN~^~NN~^~,~^~CC~^~DT~^~JJ~^~NN~^~NN~^~:~^~CC~^~JJ~^~JJ~^~NN~^~NN~^~,~^~NN~^~,~^~CC~^~JJ~^~NN~^~NNS~^~TO~^~JJ~^~NNS~^~.	O~^~O~^~O~^~ORGANIZATION~^~O~^~O~^~MISC~^~O~^~O~^~O~^~O~^~O~^~O~^~O~^~O~^~O~^~O~^~O~^~O~^~NUMBER~^~O~^~O~^~O~^~O~^~O~^~O~^~O~^~O~^~O~^~O~^~O~^~O~^~O~^~O~^~O~^~O~^~O~^~O~^~O~^~O~^~O~^~O~^~O~^~O~^~O~^~O~^~O~^~MISC~^~O~^~O	poss~^~nsubj~^~root~^~nsubj~^~_~^~det~^~amod~^~appos~^~nsubj~^~rcmod~^~ccomp~^~dobj~^~aux~^~xcomp~^~dobj~^~vmod~^~_~^~agent~^~_~^~num~^~nn~^~conj_and~^~dep~^~_~^~_~^~nn~^~prep_including~^~_~^~_~^~det~^~amod~^~nn~^~conj_or~^~_~^~_~^~amod~^~amod~^~nn~^~conj_and~^~_~^~conj_and~^~_~^~_~^~amod~^~nn~^~conj_and~^~_~^~amod~^~prep_to~^~_	2~^~3~^~0~^~11~^~0~^~8~^~8~^~4~^~10~^~8~^~3~^~11~^~14~^~11~^~14~^~15~^~0~^~16~^~0~^~22~^~22~^~15~^~22~^~0~^~0~^~27~^~22~^~0~^~0~^~33~^~33~^~33~^~27~^~0~^~0~^~39~^~39~^~39~^~15~^~0~^~39~^~0~^~0~^~46~^~46~^~39~^~0~^~49~^~14~^~0
2nd-story-software-inc	"2nd-story-software-inc"@0	2nd~^~Story~^~Software~^~,~^~Inc.~^~develops~^~and~^~markets~^~tax~^~preparation~^~software~^~and~^~Web-based~^~services~^~.	2nd~^~Story~^~Software~^~,~^~Inc.~^~develop~^~and~^~market~^~tax~^~preparation~^~software~^~and~^~web-based~^~service~^~.	JJ~^~NNP~^~NNP~^~,~^~NNP~^~VBZ~^~CC~^~VBZ~^~NN~^~NN~^~NN~^~CC~^~JJ~^~NNS~^~.	ORDINAL~^~O~^~O~^~O~^~ORGANIZATION~^~O~^~O~^~O~^~O~^~O~^~O~^~O~^~MISC~^~O~^~O	amod~^~nn~^~nn~^~_~^~nsubj~^~root~^~_~^~conj_and~^~nn~^~nn~^~dobj~^~_~^~amod~^~conj_and~^~_	5~^~5~^~5~^~0~^~8~^~0~^~0~^~6~^~11~^~11~^~6~^~0~^~14~^~11~^~0
2nd-story-software-inc	"2nd-story-software-inc"@2	2nd~^~Story~^~Software~^~,~^~Inc.~^~was~^~founded~^~in~^~1998~^~and~^~is~^~headquartered~^~in~^~Cedar~^~Rapids~^~,~^~Iowa~^~.	2nd~^~Story~^~Software~^~,~^~Inc.~^~be~^~found~^~in~^~1998~^~and~^~be~^~headquarter~^~in~^~Cedar~^~Rapids~^~,~^~Iowa~^~.	JJ~^~NNP~^~NNP~^~,~^~NNP~^~VBD~^~VBN~^~IN~^~CD~^~CC~^~VBZ~^~VBN~^~IN~^~NNP~^~NNP~^~,~^~NNP~^~.	ORDINAL~^~O~^~O~^~O~^~ORGANIZATION~^~O~^~O~^~O~^~DATE~^~O~^~O~^~O~^~O~^~LOCATION~^~LOCATION~^~O~^~LOCATION~^~O	amod~^~nn~^~nn~^~_~^~nsubjpass~^~auxpass~^~root~^~_~^~prep_in~^~_~^~auxpass~^~conj_and~^~_~^~nn~^~prep_in~^~_~^~appos~^~_	5~^~5~^~5~^~0~^~12~^~7~^~0~^~0~^~7~^~0~^~12~^~7~^~0~^~15~^~12~^~0~^~15~^~0
2nd-story-software-inc	"2nd-story-software-inc"@1	Its~^~products~^~include~^~TaxACT~^~,~^~a~^~Web-based~^~platform~^~that~^~offers~^~alerts~^~system~^~to~^~prevent~^~mistakes~^~caused~^~by~^~omissions~^~;~^~two~^~way~^~data~^~entry~^~,~^~including~^~interview~^~format~^~,~^~or~^~the~^~forms-based~^~entry~^~method~^~;~^~and~^~federal~^~electronic~^~tax~^~preparation~^~,~^~printing~^~,~^~and~^~electronic~^~filing~^~services~^~to~^~American~^~taxpayers~^~.	its~^~product~^~include~^~TaxACT~^~,~^~a~^~web-based~^~platform~^~that~^~offer~^~alert~^~system~^~to~^~prevent~^~mistake~^~cause~^~by~^~omission~^~;~^~two~^~way~^~datum~^~entry~^~,~^~include~^~interview~^~format~^~,~^~or~^~the~^~forms-based~^~entry~^~method~^~;~^~and~^~federal~^~electronic~^~tax~^~preparation~^~,~^~printing~^~,~^~and~^~electronic~^~filing~^~service~^~to~^~american~^~taxpayer~^~.	PRP$~^~NNS~^~VBP~^~NNP~^~,~^~DT~^~JJ~^~NN~^~WDT~^~VBZ~^~VBZ~^~NN~^~TO~^~VB~^~NNS~^~VBN~^~IN~^~NNS~^~:~^~CD~^~NN~^~NNS~^~NN~^~,~^~VBG~^~NN~^~NN~^~,~^~CC~^~DT~^~JJ~^~NN~^~NN~^~:~^~CC~^~JJ~^~JJ~^~NN~^~NN~^~,~^~NN~^~,~^~CC~^~JJ~^~NN~^~NNS~^~TO~^~JJ~^~NNS~^~.	O~^~O~^~O~^~ORGANIZATION~^~O~^~O~^~MISC~^~O~^~O~^~O~^~O~^~O~^~O~^~O~^~O~^~O~^~O~^~O~^~O~^~NUMBER~^~O~^~O~^~O~^~O~^~O~^~O~^~O~^~O~^~O~^~O~^~O~^~O~^~O~^~O~^~O~^~O~^~O~^~O~^~O~^~O~^~O~^~O~^~O~^~O~^~O~^~O~^~O~^~MISC~^~O~^~O	poss~^~nsubj~^~root~^~nsubj~^~_~^~det~^~amod~^~appos~^~nsubj~^~rcmod~^~ccomp~^~dobj~^~aux~^~xcomp~^~dobj~^~vmod~^~_~^~agent~^~_~^~num~^~nn~^~conj_and~^~dep~^~_~^~_~^~nn~^~prep_including~^~_~^~_~^~det~^~amod~^~nn~^~conj_or~^~_~^~_~^~amod~^~amod~^~nn~^~conj_and~^~_~^~conj_and~^~_~^~_~^~amod~^~nn~^~conj_and~^~_~^~amod~^~prep_to~^~_	2~^~3~^~0~^~11~^~0~^~8~^~8~^~4~^~10~^~8~^~3~^~11~^~14~^~11~^~14~^~15~^~0~^~16~^~0~^~22~^~22~^~15~^~22~^~0~^~0~^~27~^~22~^~0~^~0~^~33~^~33~^~33~^~27~^~0~^~0~^~39~^~39~^~39~^~15~^~0~^~39~^~0~^~0~^~46~^~46~^~39~^~0~^~49~^~14~^~0
2nd-story-software-inc	"2nd-story-software-inc"@0	2nd~^~Story~^~Software~^~,~^~Inc.~^~develops~^~and~^~markets~^~tax~^~preparation~^~software~^~and~^~Web-based~^~services~^~.	2nd~^~Story~^~Software~^~,~^~Inc.~^~develop~^~and~^~market~^~tax~^~preparation~^~software~^~and~^~web-based~^~service~^~.	JJ~^~NNP~^~NNP~^~,~^~NNP~^~VBZ~^~CC~^~VBZ~^~NN~^~NN~^~NN~^~CC~^~JJ~^~NNS~^~.	ORDINAL~^~O~^~O~^~O~^~ORGANIZATION~^~O~^~O~^~O~^~O~^~O~^~O~^~O~^~MISC~^~O~^~O	amod~^~nn~^~nn~^~_~^~nsubj~^~root~^~_~^~conj_and~^~nn~^~nn~^~dobj~^~_~^~amod~^~conj_and~^~_	5~^~5~^~5~^~0~^~8~^~0~^~0~^~6~^~11~^~11~^~6~^~0~^~14~^~11~^~0
2nd-story-software-inc	"2nd-story-software-inc"@2	2nd~^~Story~^~Software~^~,~^~Inc.~^~was~^~founded~^~in~^~1998~^~and~^~is~^~headquartered~^~in~^~Cedar~^~Rapids~^~,~^~Iowa~^~.	2nd~^~Story~^~Software~^~,~^~Inc.~^~be~^~found~^~in~^~1998~^~and~^~be~^~headquarter~^~in~^~Cedar~^~Rapids~^~,~^~Iowa~^~.	JJ~^~NNP~^~NNP~^~,~^~NNP~^~VBD~^~VBN~^~IN~^~CD~^~CC~^~VBZ~^~VBN~^~IN~^~NNP~^~NNP~^~,~^~NNP~^~.	ORDINAL~^~O~^~O~^~O~^~ORGANIZATION~^~O~^~O~^~O~^~DATE~^~O~^~O~^~O~^~O~^~LOCATION~^~LOCATION~^~O~^~LOCATION~^~O	amod~^~nn~^~nn~^~_~^~nsubjpass~^~auxpass~^~root~^~_~^~prep_in~^~_~^~auxpass~^~conj_and~^~_~^~nn~^~prep_in~^~_~^~appos~^~_	5~^~5~^~5~^~0~^~12~^~7~^~0~^~0~^~7~^~0~^~12~^~7~^~0~^~15~^~12~^~0~^~15~^~0
2nd-story-software-inc	"2nd-story-software-inc"@1	Its~^~products~^~include~^~TaxACT~^~,~^~a~^~Web-based~^~platform~^~that~^~offers~^~alerts~^~system~^~to~^~prevent~^~mistakes~^~caused~^~by~^~omissions~^~;~^~two~^~way~^~data~^~entry~^~,~^~including~^~interview~^~format~^~,~^~or~^~the~^~forms-based~^~entry~^~method~^~;~^~and~^~federal~^~electronic~^~tax~^~preparation~^~,~^~printing~^~,~^~and~^~electronic~^~filing~^~services~^~to~^~American~^~taxpayers~^~.	its~^~product~^~include~^~TaxACT~^~,~^~a~^~web-based~^~platform~^~that~^~offer~^~alert~^~system~^~to~^~prevent~^~mistake~^~cause~^~by~^~omission~^~;~^~two~^~way~^~datum~^~entry~^~,~^~include~^~interview~^~format~^~,~^~or~^~the~^~forms-based~^~entry~^~method~^~;~^~and~^~federal~^~electronic~^~tax~^~preparation~^~,~^~printing~^~,~^~and~^~electronic~^~filing~^~service~^~to~^~american~^~taxpayer~^~.	PRP$~^~NNS~^~VBP~^~NNP~^~,~^~DT~^~JJ~^~NN~^~WDT~^~VBZ~^~VBZ~^~NN~^~TO~^~VB~^~NNS~^~VBN~^~IN~^~NNS~^~:~^~CD~^~NN~^~NNS~^~NN~^~,~^~VBG~^~NN~^~NN~^~,~^~CC~^~DT~^~JJ~^~NN~^~NN~^~:~^~CC~^~JJ~^~JJ~^~NN~^~NN~^~,~^~NN~^~,~^~CC~^~JJ~^~NN~^~NNS~^~TO~^~JJ~^~NNS~^~.	O~^~O~^~O~^~ORGANIZATION~^~O~^~O~^~MISC~^~O~^~O~^~O~^~O~^~O~^~O~^~O~^~O~^~O~^~O~^~O~^~O~^~NUMBER~^~O~^~O~^~O~^~O~^~O~^~O~^~O~^~O~^~O~^~O~^~O~^~O~^~O~^~O~^~O~^~O~^~O~^~O~^~O~^~O~^~O~^~O~^~O~^~O~^~O~^~O~^~O~^~MISC~^~O~^~O	poss~^~nsubj~^~root~^~nsubj~^~_~^~det~^~amod~^~appos~^~nsubj~^~rcmod~^~ccomp~^~dobj~^~aux~^~xcomp~^~dobj~^~vmod~^~_~^~agent~^~_~^~num~^~nn~^~conj_and~^~dep~^~_~^~_~^~nn~^~prep_including~^~_~^~_~^~det~^~amod~^~nn~^~conj_or~^~_~^~_~^~amod~^~amod~^~nn~^~conj_and~^~_~^~conj_and~^~_~^~_~^~amod~^~nn~^~conj_and~^~_~^~amod~^~prep_to~^~_	2~^~3~^~0~^~11~^~0~^~8~^~8~^~4~^~10~^~8~^~3~^~11~^~14~^~11~^~14~^~15~^~0~^~16~^~0~^~22~^~22~^~15~^~22~^~0~^~0~^~27~^~22~^~0~^~0~^~33~^~33~^~33~^~27~^~0~^~0~^~39~^~39~^~39~^~15~^~0~^~39~^~0~^~0~^~46~^~46~^~39~^~0~^~49~^~14~^~0
2nd-story-software-inc	"2nd-story-software-inc"@0	2nd~^~Story~^~Software~^~,~^~Inc.~^~develops~^~and~^~markets~^~tax~^~preparation~^~software~^~and~^~Web-based~^~services~^~.	2nd~^~Story~^~Software~^~,~^~Inc.~^~develop~^~and~^~market~^~tax~^~preparation~^~software~^~and~^~web-based~^~service~^~.	JJ~^~NNP~^~NNP~^~,~^~NNP~^~VBZ~^~CC~^~VBZ~^~NN~^~NN~^~NN~^~CC~^~JJ~^~NNS~^~.	ORDINAL~^~O~^~O~^~O~^~ORGANIZATION~^~O~^~O~^~O~^~O~^~O~^~O~^~O~^~MISC~^~O~^~O	amod~^~nn~^~nn~^~_~^~nsubj~^~root~^~_~^~conj_and~^~nn~^~nn~^~dobj~^~_~^~amod~^~conj_and~^~_	5~^~5~^~5~^~0~^~8~^~0~^~0~^~6~^~11~^~11~^~6~^~0~^~14~^~11~^~0
3vr-security	"3vr-security"@3	www.3vr.com	www.3vr.com	NN	O	root	0
3vr-security	"3vr-security"@2	3VR~^~is~^~one~^~of~^~the~^~fastest~^~growing~^~US.-based~^~private~^~companies~^~,~^~according~^~to~^~Inc.~^~magazine~^~and~^~is~^~the~^~standard~^~for~^~hundreds~^~of~^~global~^~customers~^~in~^~Banking~^~,~^~Retail~^~,~^~Government~^~,~^~Infrastructure~^~and~^~Hospitality~^~.	3vr~^~be~^~one~^~of~^~the~^~fastest~^~grow~^~us.-based~^~private~^~company~^~,~^~accord~^~to~^~Inc.~^~magazine~^~and~^~be~^~the~^~standard~^~for~^~hundred~^~of~^~global~^~customer~^~in~^~Banking~^~,~^~Retail~^~,~^~Government~^~,~^~Infrastructure~^~and~^~Hospitality~^~.	NN~^~VBZ~^~CD~^~IN~^~DT~^~JJS~^~VBG~^~JJ~^~JJ~^~NNS~^~,~^~VBG~^~TO~^~NNP~^~NN~^~CC~^~VBZ~^~DT~^~NN~^~IN~^~NNS~^~IN~^~JJ~^~NNS~^~IN~^~NNP~^~,~^~NNP~^~,~^~NNP~^~,~^~NNP~^~CC~^~NNP~^~.	O~^~O~^~NUMBER~^~O~^~O~^~O~^~O~^~O~^~O~^~O~^~O~^~O~^~O~^~ORGANIZATION~^~O~^~O~^~O~^~O~^~O~^~O~^~O~^~O~^~O~^~O~^~O~^~O~^~O~^~O~^~O~^~O~^~O~^~O~^~O~^~O~^~O	nsubj~^~cop~^~root~^~_~^~det~^~prep_of~^~vmod~^~amod~^~amod~^~dobj~^~_~^~_~^~prepc_according_to~^~nn~^~pobj~^~_~^~cop~^~det~^~conj_and~^~_~^~prep_for~^~_~^~amod~^~prep_of~^~_~^~prep_in~^~_~^~conj_and~^~_~^~conj_and~^~_~^~conj_and~^~_~^~conj_and~^~_	3~^~3~^~0~^~0~^~6~^~3~^~6~^~10~^~10~^~7~^~0~^~0~^~7~^~15~^~7~^~0~^~19~^~19~^~3~^~0~^~19~^~0~^~24~^~21~^~0~^~24~^~0~^~26~^~0~^~26~^~0~^~26~^~0~^~26~^~0
3vr-security	"3vr-security"@1	3VR~^~products~^~include~^~hybrid~^~network~^~video~^~recorders~^~,~^~video~^~management~^~and~^~investigation~^~software~^~,~^~comprehensive~^~reports~^~and~^~a~^~robust~^~suite~^~of~^~video~^~analytics~^~and~^~APIs~^~.	3vr~^~product~^~include~^~hybrid~^~network~^~video~^~recorder~^~,~^~video~^~management~^~and~^~investigation~^~software~^~,~^~comprehensive~^~report~^~and~^~a~^~robust~^~suite~^~of~^~video~^~analytic~^~and~^~api~^~.	NN~^~NNS~^~VBP~^~JJ~^~NN~^~NN~^~NNS~^~,~^~NN~^~NN~^~CC~^~NN~^~NN~^~,~^~JJ~^~NNS~^~CC~^~DT~^~JJ~^~NN~^~IN~^~NN~^~NNS~^~CC~^~NNS~^~.	O~^~O~^~O~^~O~^~O~^~O~^~O~^~O~^~O~^~O~^~O~^~O~^~O~^~O~^~O~^~O~^~O~^~O~^~O~^~O~^~O~^~O~^~O~^~O~^~O~^~O	nn~^~nsubj~^~root~^~amod~^~nn~^~nn~^~dobj~^~_~^~nn~^~conj_and~^~_~^~nn~^~conj_and~^~_~^~amod~^~conj_and~^~_~^~det~^~amod~^~conj_and~^~_~^~nn~^~prep_of~^~_~^~conj_and~^~_	2~^~3~^~0~^~7~^~7~^~7~^~3~^~0~^~10~^~7~^~0~^~13~^~10~^~0~^~16~^~7~^~0~^~20~^~20~^~7~^~0~^~23~^~20~^~0~^~23~^~0
3vr-security	"3vr-security"@0	Based~^~in~^~San~^~Francisco~^~,~^~CA~^~,~^~3VR~^~provides~^~video~^~business~^~intelligence~^~solutions~^~for~^~real-time~^~security~^~and~^~customer~^~insights~^~enabling~^~organizations~^~to~^~protect~^~employees~^~,~^~customers~^~and~^~assets~^~as~^~well~^~as~^~improve~^~store~^~operations~^~and~^~shopping~^~experiences~^~.	base~^~in~^~San~^~Francisco~^~,~^~CA~^~,~^~3VR~^~provide~^~video~^~business~^~intelligence~^~solution~^~for~^~real-time~^~security~^~and~^~customer~^~insight~^~enable~^~organization~^~to~^~protect~^~employee~^~,~^~customer~^~and~^~asset~^~as~^~well~^~as~^~improve~^~store~^~operation~^~and~^~shopping~^~experience~^~.	VBN~^~IN~^~NNP~^~NNP~^~,~^~NNP~^~,~^~NNP~^~VBZ~^~NN~^~NN~^~NN~^~NNS~^~IN~^~JJ~^~NN~^~CC~^~NN~^~NNS~^~VBG~^~NNS~^~TO~^~VB~^~NNS~^~,~^~NNS~^~CC~^~NNS~^~RB~^~RB~^~IN~^~VB~^~NN~^~NNS~^~CC~^~NN~^~NNS~^~.	O~^~O~^~LOCATION~^~LOCATION~^~O~^~LOCATION~^~O~^~O~^~O~^~O~^~O~^~O~^~O~^~O~^~O~^~O~^~O~^~O~^~O~^~O~^~O~^~O~^~O~^~O~^~O~^~O~^~O~^~O~^~O~^~O~^~O~^~O~^~O~^~O~^~O~^~O~^~O~^~O	prep~^~pcomp~^~nn~^~pobj~^~_~^~appos~^~_~^~nsubj~^~root~^~nn~^~nn~^~nn~^~dobj~^~_~^~amod~^~prep_for~^~_~^~nn~^~conj_and~^~vmod~^~dobj~^~aux~^~xcomp~^~dobj~^~_~^~conj_and~^~_~^~conj_and~^~_~^~_~^~_~^~conj_and~^~nn~^~dobj~^~_~^~nn~^~conj_and~^~_	9~^~1~^~4~^~2~^~0~^~4~^~0~^~9~^~0~^~13~^~13~^~13~^~9~^~0~^~16~^~13~^~0~^~19~^~16~^~16~^~20~^~23~^~20~^~23~^~0~^~24~^~0~^~24~^~0~^~0~^~0~^~23~^~34~^~32~^~0~^~37~^~34~^~0
3vr-security	"3vr-security"@3	www.3vr.com	www.3vr.com	NN	O	root	0
3vr-security	"3vr-security"@2	3VR~^~is~^~one~^~of~^~the~^~fastest~^~growing~^~US.-based~^~private~^~companies~^~,~^~according~^~to~^~Inc.~^~magazine~^~and~^~is~^~the~^~standard~^~for~^~hundreds~^~of~^~global~^~customers~^~in~^~Banking~^~,~^~Retail~^~,~^~Government~^~,~^~Infrastructure~^~and~^~Hospitality~^~.	3vr~^~be~^~one~^~of~^~the~^~fastest~^~grow~^~us.-based~^~private~^~company~^~,~^~accord~^~to~^~Inc.~^~magazine~^~and~^~be~^~the~^~standard~^~for~^~hundred~^~of~^~global~^~customer~^~in~^~Banking~^~,~^~Retail~^~,~^~Government~^~,~^~Infrastructure~^~and~^~Hospitality~^~.	NN~^~VBZ~^~CD~^~IN~^~DT~^~JJS~^~VBG~^~JJ~^~JJ~^~NNS~^~,~^~VBG~^~TO~^~NNP~^~NN~^~CC~^~VBZ~^~DT~^~NN~^~IN~^~NNS~^~IN~^~JJ~^~NNS~^~IN~^~NNP~^~,~^~NNP~^~,~^~NNP~^~,~^~NNP~^~CC~^~NNP~^~.	O~^~O~^~NUMBER~^~O~^~O~^~O~^~O~^~O~^~O~^~O~^~O~^~O~^~O~^~ORGANIZATION~^~O~^~O~^~O~^~O~^~O~^~O~^~O~^~O~^~O~^~O~^~O~^~O~^~O~^~O~^~O~^~O~^~O~^~O~^~O~^~O~^~O	nsubj~^~cop~^~root~^~_~^~det~^~prep_of~^~vmod~^~amod~^~amod~^~dobj~^~_~^~_~^~prepc_according_to~^~nn~^~pobj~^~_~^~cop~^~det~^~conj_and~^~_~^~prep_for~^~_~^~amod~^~prep_of~^~_~^~prep_in~^~_~^~conj_and~^~_~^~conj_and~^~_~^~conj_and~^~_~^~conj_and~^~_	3~^~3~^~0~^~0~^~6~^~3~^~6~^~10~^~10~^~7~^~0~^~0~^~7~^~15~^~7~^~0~^~19~^~19~^~3~^~0~^~19~^~0~^~24~^~21~^~0~^~24~^~0~^~26~^~0~^~26~^~0~^~26~^~0~^~26~^~0
3vr-security	"3vr-security"@1	3VR~^~products~^~include~^~hybrid~^~network~^~video~^~recorders~^~,~^~video~^~management~^~and~^~investigation~^~software~^~,~^~comprehensive~^~reports~^~and~^~a~^~robust~^~suite~^~of~^~video~^~analytics~^~and~^~APIs~^~.	3vr~^~product~^~include~^~hybrid~^~network~^~video~^~recorder~^~,~^~video~^~management~^~and~^~investigation~^~software~^~,~^~comprehensive~^~report~^~and~^~a~^~robust~^~suite~^~of~^~video~^~analytic~^~and~^~api~^~.	NN~^~NNS~^~VBP~^~JJ~^~NN~^~NN~^~NNS~^~,~^~NN~^~NN~^~CC~^~NN~^~NN~^~,~^~JJ~^~NNS~^~CC~^~DT~^~JJ~^~NN~^~IN~^~NN~^~NNS~^~CC~^~NNS~^~.	O~^~O~^~O~^~O~^~O~^~O~^~O~^~O~^~O~^~O~^~O~^~O~^~O~^~O~^~O~^~O~^~O~^~O~^~O~^~O~^~O~^~O~^~O~^~O~^~O~^~O	nn~^~nsubj~^~root~^~amod~^~nn~^~nn~^~dobj~^~_~^~nn~^~conj_and~^~_~^~nn~^~conj_and~^~_~^~amod~^~conj_and~^~_~^~det~^~amod~^~conj_and~^~_~^~nn~^~prep_of~^~_~^~conj_and~^~_	2~^~3~^~0~^~7~^~7~^~7~^~3~^~0~^~10~^~7~^~0~^~13~^~10~^~0~^~16~^~7~^~0~^~20~^~20~^~7~^~0~^~23~^~20~^~0~^~23~^~0
3vr-security	"3vr-security"@0	Based~^~in~^~San~^~Francisco~^~,~^~CA~^~,~^~3VR~^~provides~^~video~^~business~^~intelligence~^~solutions~^~for~^~real-time~^~security~^~and~^~customer~^~insights~^~enabling~^~organizations~^~to~^~protect~^~employees~^~,~^~customers~^~and~^~assets~^~as~^~well~^~as~^~improve~^~store~^~operations~^~and~^~shopping~^~experiences~^~.	base~^~in~^~San~^~Francisco~^~,~^~CA~^~,~^~3VR~^~provide~^~video~^~business~^~intelligence~^~solution~^~for~^~real-time~^~security~^~and~^~customer~^~insight~^~enable~^~organization~^~to~^~protect~^~employee~^~,~^~customer~^~and~^~asset~^~as~^~well~^~as~^~improve~^~store~^~operation~^~and~^~shopping~^~experience~^~.	VBN~^~IN~^~NNP~^~NNP~^~,~^~NNP~^~,~^~NNP~^~VBZ~^~NN~^~NN~^~NN~^~NNS~^~IN~^~JJ~^~NN~^~CC~^~NN~^~NNS~^~VBG~^~NNS~^~TO~^~VB~^~NNS~^~,~^~NNS~^~CC~^~NNS~^~RB~^~RB~^~IN~^~VB~^~NN~^~NNS~^~CC~^~NN~^~NNS~^~.	O~^~O~^~LOCATION~^~LOCATION~^~O~^~LOCATION~^~O~^~O~^~O~^~O~^~O~^~O~^~O~^~O~^~O~^~O~^~O~^~O~^~O~^~O~^~O~^~O~^~O~^~O~^~O~^~O~^~O~^~O~^~O~^~O~^~O~^~O~^~O~^~O~^~O~^~O~^~O~^~O	prep~^~pcomp~^~nn~^~pobj~^~_~^~appos~^~_~^~nsubj~^~root~^~nn~^~nn~^~nn~^~dobj~^~_~^~amod~^~prep_for~^~_~^~nn~^~conj_and~^~vmod~^~dobj~^~aux~^~xcomp~^~dobj~^~_~^~conj_and~^~_~^~conj_and~^~_~^~_~^~_~^~conj_and~^~nn~^~dobj~^~_~^~nn~^~conj_and~^~_	9~^~1~^~4~^~2~^~0~^~4~^~0~^~9~^~0~^~13~^~13~^~13~^~9~^~0~^~16~^~13~^~0~^~19~^~16~^~16~^~20~^~23~^~20~^~23~^~0~^~24~^~0~^~24~^~0~^~0~^~0~^~23~^~34~^~32~^~0~^~37~^~34~^~0
3vr-security	"3vr-security"@3	www.3vr.com	www.3vr.com	NN	O	root	0
3vr-security	"3vr-security"@2	3VR~^~is~^~one~^~of~^~the~^~fastest~^~growing~^~US.-based~^~private~^~companies~^~,~^~according~^~to~^~Inc.~^~magazine~^~and~^~is~^~the~^~standard~^~for~^~hundreds~^~of~^~global~^~customers~^~in~^~Banking~^~,~^~Retail~^~,~^~Government~^~,~^~Infrastructure~^~and~^~Hospitality~^~.	3vr~^~be~^~one~^~of~^~the~^~fastest~^~grow~^~us.-based~^~private~^~company~^~,~^~accord~^~to~^~Inc.~^~magazine~^~and~^~be~^~the~^~standard~^~for~^~hundred~^~of~^~global~^~customer~^~in~^~Banking~^~,~^~Retail~^~,~^~Government~^~,~^~Infrastructure~^~and~^~Hospitality~^~.	NN~^~VBZ~^~CD~^~IN~^~DT~^~JJS~^~VBG~^~JJ~^~JJ~^~NNS~^~,~^~VBG~^~TO~^~NNP~^~NN~^~CC~^~VBZ~^~DT~^~NN~^~IN~^~NNS~^~IN~^~JJ~^~NNS~^~IN~^~NNP~^~,~^~NNP~^~,~^~NNP~^~,~^~NNP~^~CC~^~NNP~^~.	O~^~O~^~NUMBER~^~O~^~O~^~O~^~O~^~O~^~O~^~O~^~O~^~O~^~O~^~ORGANIZATION~^~O~^~O~^~O~^~O~^~O~^~O~^~O~^~O~^~O~^~O~^~O~^~O~^~O~^~O~^~O~^~O~^~O~^~O~^~O~^~O~^~O	nsubj~^~cop~^~root~^~_~^~det~^~prep_of~^~vmod~^~amod~^~amod~^~dobj~^~_~^~_~^~prepc_according_to~^~nn~^~pobj~^~_~^~cop~^~det~^~conj_and~^~_~^~prep_for~^~_~^~amod~^~prep_of~^~_~^~prep_in~^~_~^~conj_and~^~_~^~conj_and~^~_~^~conj_and~^~_~^~conj_and~^~_	3~^~3~^~0~^~0~^~6~^~3~^~6~^~10~^~10~^~7~^~0~^~0~^~7~^~15~^~7~^~0~^~19~^~19~^~3~^~0~^~19~^~0~^~24~^~21~^~0~^~24~^~0~^~26~^~0~^~26~^~0~^~26~^~0~^~26~^~0
3vr-security	"3vr-security"@1	3VR~^~products~^~include~^~hybrid~^~network~^~video~^~recorders~^~,~^~video~^~management~^~and~^~investigation~^~software~^~,~^~comprehensive~^~reports~^~and~^~a~^~robust~^~suite~^~of~^~video~^~analytics~^~and~^~APIs~^~.	3vr~^~product~^~include~^~hybrid~^~network~^~video~^~recorder~^~,~^~video~^~management~^~and~^~investigation~^~software~^~,~^~comprehensive~^~report~^~and~^~a~^~robust~^~suite~^~of~^~video~^~analytic~^~and~^~api~^~.	NN~^~NNS~^~VBP~^~JJ~^~NN~^~NN~^~NNS~^~,~^~NN~^~NN~^~CC~^~NN~^~NN~^~,~^~JJ~^~NNS~^~CC~^~DT~^~JJ~^~NN~^~IN~^~NN~^~NNS~^~CC~^~NNS~^~.	O~^~O~^~O~^~O~^~O~^~O~^~O~^~O~^~O~^~O~^~O~^~O~^~O~^~O~^~O~^~O~^~O~^~O~^~O~^~O~^~O~^~O~^~O~^~O~^~O~^~O	nn~^~nsubj~^~root~^~amod~^~nn~^~nn~^~dobj~^~_~^~nn~^~conj_and~^~_~^~nn~^~conj_and~^~_~^~amod~^~conj_and~^~_~^~det~^~amod~^~conj_and~^~_~^~nn~^~prep_of~^~_~^~conj_and~^~_	2~^~3~^~0~^~7~^~7~^~7~^~3~^~0~^~10~^~7~^~0~^~13~^~10~^~0~^~16~^~7~^~0~^~20~^~20~^~7~^~0~^~23~^~20~^~0~^~23~^~0
3vr-security	"3vr-security"@0	Based~^~in~^~San~^~Francisco~^~,~^~CA~^~,~^~3VR~^~provides~^~video~^~business~^~intelligence~^~solutions~^~for~^~real-time~^~security~^~and~^~customer~^~insights~^~enabling~^~organizations~^~to~^~protect~^~employees~^~,~^~customers~^~and~^~assets~^~as~^~well~^~as~^~improve~^~store~^~operations~^~and~^~shopping~^~experiences~^~.	base~^~in~^~San~^~Francisco~^~,~^~CA~^~,~^~3VR~^~provide~^~video~^~business~^~intelligence~^~solution~^~for~^~real-time~^~security~^~and~^~customer~^~insight~^~enable~^~organization~^~to~^~protect~^~employee~^~,~^~customer~^~and~^~asset~^~as~^~well~^~as~^~improve~^~store~^~operation~^~and~^~shopping~^~experience~^~.	VBN~^~IN~^~NNP~^~NNP~^~,~^~NNP~^~,~^~NNP~^~VBZ~^~NN~^~NN~^~NN~^~NNS~^~IN~^~JJ~^~NN~^~CC~^~NN~^~NNS~^~VBG~^~NNS~^~TO~^~VB~^~NNS~^~,~^~NNS~^~CC~^~NNS~^~RB~^~RB~^~IN~^~VB~^~NN~^~NNS~^~CC~^~NN~^~NNS~^~.	O~^~O~^~LOCATION~^~LOCATION~^~O~^~LOCATION~^~O~^~O~^~O~^~O~^~O~^~O~^~O~^~O~^~O~^~O~^~O~^~O~^~O~^~O~^~O~^~O~^~O~^~O~^~O~^~O~^~O~^~O~^~O~^~O~^~O~^~O~^~O~^~O~^~O~^~O~^~O~^~O	prep~^~pcomp~^~nn~^~pobj~^~_~^~appos~^~_~^~nsubj~^~root~^~nn~^~nn~^~nn~^~dobj~^~_~^~amod~^~prep_for~^~_~^~nn~^~conj_and~^~vmod~^~dobj~^~aux~^~xcomp~^~dobj~^~_~^~conj_and~^~_~^~conj_and~^~_~^~_~^~_~^~conj_and~^~nn~^~dobj~^~_~^~nn~^~conj_and~^~_	9~^~1~^~4~^~2~^~0~^~4~^~0~^~9~^~0~^~13~^~13~^~13~^~9~^~0~^~16~^~13~^~0~^~19~^~16~^~16~^~20~^~23~^~20~^~23~^~0~^~24~^~0~^~24~^~0~^~0~^~0~^~23~^~34~^~32~^~0~^~37~^~34~^~0
3v-transaction-services	"3v-transaction-services"@3	The~^~company~^~was~^~founded~^~in~^~2004~^~and~^~is~^~based~^~in~^~Blackrock~^~,~^~Ireland~^~.	the~^~company~^~be~^~found~^~in~^~2004~^~and~^~be~^~base~^~in~^~Blackrock~^~,~^~Ireland~^~.	DT~^~NN~^~VBD~^~VBN~^~IN~^~CD~^~CC~^~VBZ~^~VBN~^~IN~^~NNP~^~,~^~NNP~^~.	O~^~O~^~O~^~O~^~O~^~DATE~^~O~^~O~^~O~^~O~^~ORGANIZATION~^~O~^~LOCATION~^~O	det~^~nsubjpass~^~auxpass~^~root~^~_~^~prep_in~^~_~^~auxpass~^~conj_and~^~_~^~nn~^~_~^~prep_in~^~_	2~^~9~^~4~^~0~^~0~^~4~^~0~^~9~^~4~^~0~^~13~^~0~^~9~^~0
3v-transaction-services	"3v-transaction-services"@2	It~^~offers~^~its~^~vouchers~^~through~^~participating~^~retail~^~outlets~^~.	it~^~offer~^~its~^~voucher~^~through~^~participate~^~retail~^~outlet~^~.	PRP~^~VBZ~^~PRP$~^~NNS~^~IN~^~VBG~^~JJ~^~NNS~^~.	O~^~O~^~O~^~O~^~O~^~O~^~O~^~O~^~O	nsubj~^~root~^~poss~^~dobj~^~_~^~prepc_through~^~amod~^~dobj~^~_	2~^~0~^~4~^~2~^~0~^~2~^~8~^~6~^~0
3v-transaction-services	"3v-transaction-services"@1	The~^~company~^~provides~^~3V~^~Voucher~^~,~^~an~^~online~^~payment~^~method~^~that~^~allows~^~customers~^~to~^~shop~^~online~^~,~^~over~^~the~^~phone~^~,~^~and~^~by~^~mail~^~order~^~by~^~using~^~prepaid~^~vouchers~^~that~^~have~^~a~^~disposable~^~16-digit~^~VISA~^~number~^~.	the~^~company~^~provide~^~3v~^~voucher~^~,~^~a~^~online~^~payment~^~method~^~that~^~allow~^~customer~^~to~^~shop~^~online~^~,~^~over~^~the~^~phone~^~,~^~and~^~by~^~mail~^~order~^~by~^~use~^~prepaid~^~voucher~^~that~^~have~^~a~^~disposable~^~16-digit~^~VISA~^~number~^~.	DT~^~NN~^~VBZ~^~NN~^~NN~^~,~^~DT~^~JJ~^~NN~^~NN~^~WDT~^~VBZ~^~NNS~^~TO~^~VB~^~NN~^~,~^~IN~^~DT~^~NN~^~,~^~CC~^~IN~^~NN~^~NN~^~IN~^~VBG~^~JJ~^~NNS~^~WDT~^~VBP~^~DT~^~JJ~^~JJ~^~NNP~^~NN~^~.	O~^~O~^~O~^~O~^~O~^~O~^~O~^~O~^~O~^~O~^~O~^~O~^~O~^~O~^~O~^~O~^~O~^~O~^~O~^~O~^~O~^~O~^~O~^~O~^~O~^~O~^~O~^~O~^~O~^~O~^~O~^~O~^~O~^~O~^~O~^~O~^~O	det~^~nsubj~^~conj_and~^~nn~^~dobj~^~_~^~det~^~amod~^~nn~^~appos~^~nsubj~^~rcmod~^~nsubj~^~aux~^~xcomp~^~prep~^~_~^~_~^~det~^~prep_over~^~_~^~_~^~_~^~nn~^~prep_by~^~_~^~prepc_by~^~amod~^~dobj~^~nsubj~^~rcmod~^~det~^~amod~^~amod~^~nn~^~dobj~^~_	2~^~3~^~3~^~5~^~3~^~0~^~10~^~10~^~10~^~5~^~12~^~10~^~15~^~15~^~12~^~15~^~0~^~0~^~20~^~3~^~0~^~0~^~0~^~25~^~3~^~0~^~25~^~29~^~27~^~31~^~29~^~36~^~34~^~36~^~36~^~31~^~0
3v-transaction-services	"3v-transaction-services"@0	3V~^~Transaction~^~Services~^~Limited~^~offers~^~prepaid~^~products~^~for~^~use~^~in~^~online~^~payment~^~transactions~^~in~^~Ireland~^~and~^~Canada~^~.	3v~^~Transaction~^~Services~^~Limited~^~offer~^~prepaid~^~product~^~for~^~use~^~in~^~online~^~payment~^~transaction~^~in~^~Ireland~^~and~^~Canada~^~.	NN~^~NNP~^~NNP~^~NNP~^~VBZ~^~JJ~^~NNS~^~IN~^~NN~^~IN~^~JJ~^~NN~^~NNS~^~IN~^~NNP~^~CC~^~NNP~^~.	O~^~O~^~O~^~O~^~O~^~O~^~O~^~O~^~O~^~O~^~O~^~O~^~O~^~O~^~LOCATION~^~O~^~LOCATION~^~O	nsubj~^~nn~^~nn~^~dep~^~root~^~amod~^~dobj~^~_~^~prep_for~^~_~^~amod~^~nn~^~prep_in~^~_~^~prep_in~^~_~^~conj_and~^~_	5~^~4~^~4~^~1~^~0~^~7~^~5~^~0~^~7~^~0~^~13~^~13~^~5~^~0~^~13~^~0~^~15~^~0
3v-transaction-services	"3v-transaction-services"@3	The~^~company~^~was~^~founded~^~in~^~2004~^~and~^~is~^~based~^~in~^~Blackrock~^~,~^~Ireland~^~.	the~^~company~^~be~^~found~^~in~^~2004~^~and~^~be~^~base~^~in~^~Blackrock~^~,~^~Ireland~^~.	DT~^~NN~^~VBD~^~VBN~^~IN~^~CD~^~CC~^~VBZ~^~VBN~^~IN~^~NNP~^~,~^~NNP~^~.	O~^~O~^~O~^~O~^~O~^~DATE~^~O~^~O~^~O~^~O~^~ORGANIZATION~^~O~^~LOCATION~^~O	det~^~nsubjpass~^~auxpass~^~root~^~_~^~prep_in~^~_~^~auxpass~^~conj_and~^~_~^~nn~^~_~^~prep_in~^~_	2~^~9~^~4~^~0~^~0~^~4~^~0~^~9~^~4~^~0~^~13~^~0~^~9~^~0
3v-transaction-services	"3v-transaction-services"@2	It~^~offers~^~its~^~vouchers~^~through~^~participating~^~retail~^~outlets~^~.	it~^~offer~^~its~^~voucher~^~through~^~participate~^~retail~^~outlet~^~.	PRP~^~VBZ~^~PRP$~^~NNS~^~IN~^~VBG~^~JJ~^~NNS~^~.	O~^~O~^~O~^~O~^~O~^~O~^~O~^~O~^~O	nsubj~^~root~^~poss~^~dobj~^~_~^~prepc_through~^~amod~^~dobj~^~_	2~^~0~^~4~^~2~^~0~^~2~^~8~^~6~^~0
3v-transaction-services	"3v-transaction-services"@1	The~^~company~^~provides~^~3V~^~Voucher~^~,~^~an~^~online~^~payment~^~method~^~that~^~allows~^~customers~^~to~^~shop~^~online~^~,~^~over~^~the~^~phone~^~,~^~and~^~by~^~mail~^~order~^~by~^~using~^~prepaid~^~vouchers~^~that~^~have~^~a~^~disposable~^~16-digit~^~VISA~^~number~^~.	the~^~company~^~provide~^~3v~^~voucher~^~,~^~a~^~online~^~payment~^~method~^~that~^~allow~^~customer~^~to~^~shop~^~online~^~,~^~over~^~the~^~phone~^~,~^~and~^~by~^~mail~^~order~^~by~^~use~^~prepaid~^~voucher~^~that~^~have~^~a~^~disposable~^~16-digit~^~VISA~^~number~^~.	DT~^~NN~^~VBZ~^~NN~^~NN~^~,~^~DT~^~JJ~^~NN~^~NN~^~WDT~^~VBZ~^~NNS~^~TO~^~VB~^~NN~^~,~^~IN~^~DT~^~NN~^~,~^~CC~^~IN~^~NN~^~NN~^~IN~^~VBG~^~JJ~^~NNS~^~WDT~^~VBP~^~DT~^~JJ~^~JJ~^~NNP~^~NN~^~.	O~^~O~^~O~^~O~^~O~^~O~^~O~^~O~^~O~^~O~^~O~^~O~^~O~^~O~^~O~^~O~^~O~^~O~^~O~^~O~^~O~^~O~^~O~^~O~^~O~^~O~^~O~^~O~^~O~^~O~^~O~^~O~^~O~^~O~^~O~^~O~^~O	det~^~nsubj~^~conj_and~^~nn~^~dobj~^~_~^~det~^~amod~^~nn~^~appos~^~nsubj~^~rcmod~^~nsubj~^~aux~^~xcomp~^~prep~^~_~^~_~^~det~^~prep_over~^~_~^~_~^~_~^~nn~^~prep_by~^~_~^~prepc_by~^~amod~^~dobj~^~nsubj~^~rcmod~^~det~^~amod~^~amod~^~nn~^~dobj~^~_	2~^~3~^~3~^~5~^~3~^~0~^~10~^~10~^~10~^~5~^~12~^~10~^~15~^~15~^~12~^~15~^~0~^~0~^~20~^~3~^~0~^~0~^~0~^~25~^~3~^~0~^~25~^~29~^~27~^~31~^~29~^~36~^~34~^~36~^~36~^~31~^~0
3v-transaction-services	"3v-transaction-services"@0	3V~^~Transaction~^~Services~^~Limited~^~offers~^~prepaid~^~products~^~for~^~use~^~in~^~online~^~payment~^~transactions~^~in~^~Ireland~^~and~^~Canada~^~.	3v~^~Transaction~^~Services~^~Limited~^~offer~^~prepaid~^~product~^~for~^~use~^~in~^~online~^~payment~^~transaction~^~in~^~Ireland~^~and~^~Canada~^~.	NN~^~NNP~^~NNP~^~NNP~^~VBZ~^~JJ~^~NNS~^~IN~^~NN~^~IN~^~JJ~^~NN~^~NNS~^~IN~^~NNP~^~CC~^~NNP~^~.	O~^~O~^~O~^~O~^~O~^~O~^~O~^~O~^~O~^~O~^~O~^~O~^~O~^~O~^~LOCATION~^~O~^~LOCATION~^~O	nsubj~^~nn~^~nn~^~dep~^~root~^~amod~^~dobj~^~_~^~prep_for~^~_~^~amod~^~nn~^~prep_in~^~_~^~prep_in~^~_~^~conj_and~^~_	5~^~4~^~4~^~1~^~0~^~7~^~5~^~0~^~7~^~0~^~13~^~13~^~5~^~0~^~13~^~0~^~15~^~0
ability-network	"ability-network"@3	Today~^~,~^~a~^~majority~^~of~^~the~^~large~^~provider~^~organizations~^~across~^~the~^~country~^~,~^~including~^~over~^~3,000~^~hospitals~^~,~^~as~^~well~^~as~^~many~^~leading~^~healthcare~^~technology~^~companies~^~,~^~trust~^~ABILITY~^~to~^~communicate~^~with~^~their~^~healthcare~^~partners~^~.	today~^~,~^~a~^~majority~^~of~^~the~^~large~^~provider~^~organization~^~across~^~the~^~country~^~,~^~include~^~over~^~3,000~^~hospital~^~,~^~as~^~well~^~as~^~many~^~lead~^~healthcare~^~technology~^~company~^~,~^~trust~^~ability~^~to~^~communicate~^~with~^~they~^~healthcare~^~partner~^~.	NN~^~,~^~DT~^~NN~^~IN~^~DT~^~JJ~^~NN~^~NNS~^~IN~^~DT~^~NN~^~,~^~VBG~^~IN~^~CD~^~NNS~^~,~^~RB~^~RB~^~IN~^~JJ~^~VBG~^~NN~^~NN~^~NNS~^~,~^~NN~^~NN~^~TO~^~VB~^~IN~^~PRP$~^~NN~^~NNS~^~.	DATE~^~O~^~O~^~O~^~O~^~O~^~O~^~O~^~O~^~O~^~O~^~O~^~O~^~O~^~O~^~NUMBER~^~O~^~O~^~O~^~O~^~O~^~O~^~O~^~O~^~O~^~O~^~O~^~O~^~O~^~O~^~O~^~O~^~O~^~O~^~O~^~O	root~^~_~^~det~^~appos~^~_~^~det~^~amod~^~nn~^~prep_of~^~_~^~det~^~prep_across~^~_~^~rcmod~^~pcomp~^~num~^~pobj~^~_~^~_~^~_~^~_~^~amod~^~amod~^~nn~^~nn~^~conj_and~^~_~^~nn~^~appos~^~aux~^~vmod~^~_~^~poss~^~nn~^~prep_with~^~_	0~^~0~^~4~^~1~^~0~^~9~^~9~^~9~^~4~^~0~^~12~^~14~^~0~^~9~^~14~^~17~^~15~^~0~^~0~^~0~^~0~^~26~^~26~^~26~^~26~^~9~^~0~^~29~^~4~^~31~^~29~^~0~^~35~^~35~^~31~^~0
15five	"15five"@2	We~^~ ~^~ve~^~taken~^~that~^~idea~^~to~^~the~^~next~^~level~^~by~^~turning~^~reports~^~into~^~conversations~^~,~^~and~^~making~^~it~^~simple~^~for~^~managers~^~to~^~roll~^~up~^~the~^~most~^~important~^~problems~^~,~^~insights~^~,~^~ideas~^~and~^~success~^~stories~^~.	we~^~ ~^~ve~^~take~^~that~^~idea~^~to~^~the~^~next~^~level~^~by~^~turn~^~report~^~into~^~conversation~^~,~^~and~^~make~^~it~^~simple~^~for~^~manager~^~to~^~roll~^~up~^~the~^~most~^~important~^~problem~^~,~^~insight~^~,~^~idea~^~and~^~success~^~story~^~.	PRP~^~VBP~^~FW~^~VBN~^~DT~^~NN~^~TO~^~DT~^~JJ~^~NN~^~IN~^~VBG~^~NNS~^~IN~^~NNS~^~,~^~CC~^~VBG~^~PRP~^~JJ~^~IN~^~NNS~^~TO~^~VB~^~RP~^~DT~^~RBS~^~JJ~^~NNS~^~,~^~NNS~^~,~^~NNS~^~CC~^~NN~^~NNS~^~.	O~^~O~^~O~^~O~^~O~^~O~^~O~^~O~^~O~^~O~^~O~^~O~^~O~^~O~^~O~^~O~^~O~^~O~^~O~^~O~^~O~^~O~^~O~^~O~^~O~^~O~^~O~^~O~^~O~^~O~^~O~^~O~^~O~^~O~^~O~^~O~^~O	nsubj~^~root~^~dobj~^~vmod~^~det~^~dobj~^~_~^~det~^~amod~^~prep_to~^~_~^~agent~^~dobj~^~_~^~prep_into~^~_~^~_~^~conj_and~^~nsubj~^~dep~^~_~^~prep_for~^~aux~^~xcomp~^~prt~^~det~^~advmod~^~amod~^~dobj~^~_~^~conj_and~^~_~^~conj_and~^~_~^~nn~^~conj_and~^~_	2~^~0~^~2~^~3~^~6~^~4~^~0~^~10~^~10~^~4~^~0~^~4~^~12~^~0~^~12~^~0~^~0~^~12~^~24~^~24~^~0~^~20~^~24~^~18~^~24~^~29~^~29~^~29~^~24~^~0~^~29~^~0~^~29~^~0~^~36~^~29~^~0
15five	"15five"@1	Have~^~each~^~employee~^~spend~^~15~^~minutes~^~a~^~week~^~writing~^~a~^~report~^~that~^~takes~^~their~^~manager~^~no~^~more~^~than~^~5~^~minutes~^~to~^~read~^~.	have~^~each~^~employee~^~spend~^~15~^~minute~^~a~^~week~^~write~^~a~^~report~^~that~^~take~^~they~^~manager~^~no~^~more~^~than~^~5~^~minute~^~to~^~read~^~.	VBP~^~DT~^~NN~^~VBP~^~CD~^~NNS~^~DT~^~NN~^~VBG~^~DT~^~NN~^~WDT~^~VBZ~^~PRP$~^~NN~^~DT~^~JJR~^~IN~^~CD~^~NNS~^~TO~^~VB~^~.	O~^~O~^~O~^~O~^~DURATION~^~DURATION~^~DURATION~^~DURATION~^~O~^~O~^~O~^~O~^~O~^~O~^~O~^~DURATION~^~DURATION~^~DURATION~^~DURATION~^~DURATION~^~O~^~O~^~O	csubj~^~det~^~dobj~^~root~^~num~^~dobj~^~det~^~tmod~^~xcomp~^~det~^~nsubj~^~nsubj~^~rcmod~^~poss~^~dobj~^~quantmod~^~quantmod~^~quantmod~^~num~^~tmod~^~aux~^~xcomp~^~_	4~^~3~^~1~^~0~^~6~^~4~^~8~^~4~^~4~^~11~^~22~^~13~^~11~^~15~^~13~^~19~^~19~^~19~^~20~^~13~^~22~^~9~^~0
15five	"15five"@0	15Five~^~is~^~a~^~SaaS~^~product~^~based~^~on~^~a~^~simple~^~idea~^~.	15five~^~be~^~a~^~saa~^~product~^~base~^~on~^~a~^~simple~^~idea~^~.	NN~^~VBZ~^~DT~^~NN~^~NN~^~VBN~^~IN~^~DT~^~JJ~^~NN~^~.	O~^~O~^~O~^~O~^~O~^~O~^~O~^~O~^~O~^~O~^~O	nsubj~^~cop~^~det~^~nn~^~root~^~_~^~prepc_based_on~^~det~^~amod~^~pobj~^~_	5~^~5~^~5~^~5~^~0~^~0~^~5~^~10~^~10~^~5~^~0
15five	"15five"@2	We~^~ ~^~ve~^~taken~^~that~^~idea~^~to~^~the~^~next~^~level~^~by~^~turning~^~reports~^~into~^~conversations~^~,~^~and~^~making~^~it~^~simple~^~for~^~managers~^~to~^~roll~^~up~^~the~^~most~^~important~^~problems~^~,~^~insights~^~,~^~ideas~^~and~^~success~^~stories~^~.	we~^~ ~^~ve~^~take~^~that~^~idea~^~to~^~the~^~next~^~level~^~by~^~turn~^~report~^~into~^~conversation~^~,~^~and~^~make~^~it~^~simple~^~for~^~manager~^~to~^~roll~^~up~^~the~^~most~^~important~^~problem~^~,~^~insight~^~,~^~idea~^~and~^~success~^~story~^~.	PRP~^~VBP~^~FW~^~VBN~^~DT~^~NN~^~TO~^~DT~^~JJ~^~NN~^~IN~^~VBG~^~NNS~^~IN~^~NNS~^~,~^~CC~^~VBG~^~PRP~^~JJ~^~IN~^~NNS~^~TO~^~VB~^~RP~^~DT~^~RBS~^~JJ~^~NNS~^~,~^~NNS~^~,~^~NNS~^~CC~^~NN~^~NNS~^~.	O~^~O~^~O~^~O~^~O~^~O~^~O~^~O~^~O~^~O~^~O~^~O~^~O~^~O~^~O~^~O~^~O~^~O~^~O~^~O~^~O~^~O~^~O~^~O~^~O~^~O~^~O~^~O~^~O~^~O~^~O~^~O~^~O~^~O~^~O~^~O~^~O	nsubj~^~root~^~dobj~^~vmod~^~det~^~dobj~^~_~^~det~^~amod~^~prep_to~^~_~^~agent~^~dobj~^~_~^~prep_into~^~_~^~_~^~conj_and~^~nsubj~^~dep~^~_~^~prep_for~^~aux~^~xcomp~^~prt~^~det~^~advmod~^~amod~^~dobj~^~_~^~conj_and~^~_~^~conj_and~^~_~^~nn~^~conj_and~^~_	2~^~0~^~2~^~3~^~6~^~4~^~0~^~10~^~10~^~4~^~0~^~4~^~12~^~0~^~12~^~0~^~0~^~12~^~24~^~24~^~0~^~20~^~24~^~18~^~24~^~29~^~29~^~29~^~24~^~0~^~29~^~0~^~29~^~0~^~36~^~29~^~0
15five	"15five"@1	Have~^~each~^~employee~^~spend~^~15~^~minutes~^~a~^~week~^~writing~^~a~^~report~^~that~^~takes~^~their~^~manager~^~no~^~more~^~than~^~5~^~minutes~^~to~^~read~^~.	have~^~each~^~employee~^~spend~^~15~^~minute~^~a~^~week~^~write~^~a~^~report~^~that~^~take~^~they~^~manager~^~no~^~more~^~than~^~5~^~minute~^~to~^~read~^~.	VBP~^~DT~^~NN~^~VBP~^~CD~^~NNS~^~DT~^~NN~^~VBG~^~DT~^~NN~^~WDT~^~VBZ~^~PRP$~^~NN~^~DT~^~JJR~^~IN~^~CD~^~NNS~^~TO~^~VB~^~.	O~^~O~^~O~^~O~^~DURATION~^~DURATION~^~DURATION~^~DURATION~^~O~^~O~^~O~^~O~^~O~^~O~^~O~^~DURATION~^~DURATION~^~DURATION~^~DURATION~^~DURATION~^~O~^~O~^~O	csubj~^~det~^~dobj~^~root~^~num~^~dobj~^~det~^~tmod~^~xcomp~^~det~^~nsubj~^~nsubj~^~rcmod~^~poss~^~dobj~^~quantmod~^~quantmod~^~quantmod~^~num~^~tmod~^~aux~^~xcomp~^~_	4~^~3~^~1~^~0~^~6~^~4~^~8~^~4~^~4~^~11~^~22~^~13~^~11~^~15~^~13~^~19~^~19~^~19~^~20~^~13~^~22~^~9~^~0
15five	"15five"@0	15Five~^~is~^~a~^~SaaS~^~product~^~based~^~on~^~a~^~simple~^~idea~^~.	15five~^~be~^~a~^~saa~^~product~^~base~^~on~^~a~^~simple~^~idea~^~.	NN~^~VBZ~^~DT~^~NN~^~NN~^~VBN~^~IN~^~DT~^~JJ~^~NN~^~.	O~^~O~^~O~^~O~^~O~^~O~^~O~^~O~^~O~^~O~^~O	nsubj~^~cop~^~det~^~nn~^~root~^~_~^~prepc_based_on~^~det~^~amod~^~pobj~^~_	5~^~5~^~5~^~5~^~0~^~0~^~5~^~10~^~10~^~5~^~0
1life-healthcare	"1life-healthcare"@2	The~^~company~^~was~^~incorporated~^~in~^~2002~^~and~^~is~^~based~^~in~^~San~^~Francisco~^~,~^~California~^~.	the~^~company~^~be~^~incorporate~^~in~^~2002~^~and~^~be~^~base~^~in~^~San~^~Francisco~^~,~^~California~^~.	DT~^~NN~^~VBD~^~VBN~^~IN~^~CD~^~CC~^~VBZ~^~VBN~^~IN~^~NNP~^~NNP~^~,~^~NNP~^~.	O~^~O~^~O~^~O~^~O~^~DATE~^~O~^~O~^~O~^~O~^~LOCATION~^~LOCATION~^~O~^~LOCATION~^~O	det~^~nsubjpass~^~auxpass~^~root~^~_~^~prep_in~^~_~^~auxpass~^~conj_and~^~_~^~nn~^~prep_in~^~_~^~appos~^~_	2~^~9~^~4~^~0~^~0~^~4~^~0~^~9~^~4~^~0~^~12~^~9~^~0~^~12~^~0
1life-healthcare	"1life-healthcare"@1	It~^~provides~^~employee~^~wellness~^~assessments~^~,~^~access~^~to~^~primary~^~care~^~physicians~^~,~^~prevention~^~and~^~wellness~^~experts~^~,~^~and~^~online/mobile~^~tools~^~and~^~services~^~.	it~^~provide~^~employee~^~wellness~^~assessment~^~,~^~access~^~to~^~primary~^~care~^~physician~^~,~^~prevention~^~and~^~wellness~^~expert~^~,~^~and~^~online/mobile~^~tool~^~and~^~service~^~.	PRP~^~VBZ~^~NN~^~NN~^~NNS~^~,~^~NN~^~TO~^~JJ~^~NN~^~NNS~^~,~^~NN~^~CC~^~NN~^~NNS~^~,~^~CC~^~NN~^~NNS~^~CC~^~NNS~^~.	O~^~O~^~O~^~O~^~O~^~O~^~O~^~O~^~O~^~O~^~O~^~O~^~O~^~O~^~O~^~O~^~O~^~O~^~O~^~O~^~O~^~O~^~O	nsubj~^~root~^~nn~^~nn~^~dobj~^~_~^~conj_and~^~_~^~amod~^~nn~^~nn~^~_~^~nn~^~_~^~nn~^~prep_to~^~_~^~_~^~nn~^~conj_and~^~_~^~conj_and~^~_	2~^~0~^~5~^~5~^~2~^~0~^~5~^~0~^~16~^~16~^~16~^~0~^~16~^~0~^~16~^~7~^~0~^~0~^~20~^~5~^~0~^~20~^~0
1life-healthcare	"1life-healthcare"@0	1Life~^~Healthcare~^~,~^~Inc.~^~offers~^~primary~^~care~^~physician~^~services~^~for~^~the~^~employers~^~.	1Life~^~Healthcare~^~,~^~Inc.~^~offer~^~primary~^~care~^~physician~^~service~^~for~^~the~^~employer~^~.	NNP~^~NNP~^~,~^~NNP~^~VBZ~^~JJ~^~NN~^~NN~^~NNS~^~IN~^~DT~^~NNS~^~.	O~^~ORGANIZATION~^~ORGANIZATION~^~ORGANIZATION~^~O~^~O~^~O~^~O~^~O~^~O~^~O~^~O~^~O	nn~^~nn~^~_~^~nsubj~^~root~^~amod~^~nn~^~nn~^~dobj~^~_~^~det~^~prep_for~^~_	4~^~4~^~0~^~5~^~0~^~9~^~9~^~9~^~5~^~0~^~12~^~9~^~0
1life-healthcare	"1life-healthcare"@2	The~^~company~^~was~^~incorporated~^~in~^~2002~^~and~^~is~^~based~^~in~^~San~^~Francisco~^~,~^~California~^~.	the~^~company~^~be~^~incorporate~^~in~^~2002~^~and~^~be~^~base~^~in~^~San~^~Francisco~^~,~^~California~^~.	DT~^~NN~^~VBD~^~VBN~^~IN~^~CD~^~CC~^~VBZ~^~VBN~^~IN~^~NNP~^~NNP~^~,~^~NNP~^~.	O~^~O~^~O~^~O~^~O~^~DATE~^~O~^~O~^~O~^~O~^~LOCATION~^~LOCATION~^~O~^~LOCATION~^~O	det~^~nsubjpass~^~auxpass~^~root~^~_~^~prep_in~^~_~^~auxpass~^~conj_and~^~_~^~nn~^~prep_in~^~_~^~appos~^~_	2~^~9~^~4~^~0~^~0~^~4~^~0~^~9~^~4~^~0~^~12~^~9~^~0~^~12~^~0
ability-network	"ability-network"@2	By~^~earning~^~the~^~trust~^~of~^~their~^~healthcare~^~providers~^~and~^~the~^~federal~^~government~^~each~^~day~^~,~^~they~^~have~^~built~^~the~^~largest~^~,~^~web-based~^~secure~^~healthcare~^~network~^~in~^~the~^~country~^~which~^~now~^~facilitates~^~millions~^~of~^~transactions~^~every~^~day~^~.	by~^~earn~^~the~^~trust~^~of~^~they~^~healthcare~^~provider~^~and~^~the~^~federal~^~government~^~each~^~day~^~,~^~they~^~have~^~build~^~the~^~largest~^~,~^~web-based~^~secure~^~healthcare~^~network~^~in~^~the~^~country~^~which~^~now~^~facilitate~^~million~^~of~^~transaction~^~every~^~day~^~.	IN~^~VBG~^~DT~^~NN~^~IN~^~PRP$~^~NN~^~NNS~^~CC~^~DT~^~JJ~^~NN~^~DT~^~NN~^~,~^~PRP~^~VBP~^~VBN~^~DT~^~JJS~^~,~^~JJ~^~JJ~^~NN~^~NN~^~IN~^~DT~^~NN~^~WDT~^~RB~^~VBZ~^~NNS~^~IN~^~NNS~^~DT~^~NN~^~.	O~^~O~^~O~^~O~^~O~^~O~^~O~^~O~^~O~^~O~^~O~^~O~^~SET~^~SET~^~O~^~O~^~O~^~O~^~O~^~O~^~O~^~O~^~O~^~O~^~O~^~O~^~O~^~O~^~O~^~DATE~^~O~^~O~^~O~^~O~^~SET~^~SET~^~O	_~^~prepc_by~^~det~^~dobj~^~_~^~poss~^~nn~^~prep_of~^~_~^~det~^~amod~^~conj_and~^~det~^~dep~^~_~^~nsubj~^~aux~^~root~^~det~^~amod~^~_~^~amod~^~amod~^~nn~^~dobj~^~_~^~det~^~prep_in~^~nsubj~^~advmod~^~rcmod~^~dobj~^~_~^~prep_of~^~det~^~dep~^~_	0~^~18~^~4~^~2~^~0~^~8~^~8~^~4~^~0~^~12~^~12~^~4~^~14~^~12~^~0~^~18~^~18~^~0~^~25~^~25~^~0~^~25~^~25~^~25~^~18~^~0~^~28~^~25~^~31~^~31~^~28~^~31~^~0~^~32~^~36~^~34~^~0
ability-network	"ability-network"@1	Over~^~the~^~last~^~ten~^~years~^~,~^~they~^~have~^~been~^~working~^~in~^~the~^~background~^~connecting~^~thousands~^~of~^~hospitals~^~,~^~skilled~^~nursing~^~facilities~^~,~^~home~^~health~^~agencies~^~,~^~clinics~^~,~^~and~^~tens~^~of~^~thousands~^~of~^~physicians~^~across~^~the~^~country~^~with~^~each~^~other~^~,~^~and~^~with~^~the~^~nation~^~ ~^~s~^~largest~^~payer~^~:~^~Medicare~^~.	over~^~the~^~last~^~ten~^~year~^~,~^~they~^~have~^~be~^~work~^~in~^~the~^~background~^~connect~^~thousand~^~of~^~hospital~^~,~^~skilled~^~nursing~^~facility~^~,~^~home~^~health~^~agency~^~,~^~clinic~^~,~^~and~^~ten~^~of~^~thousand~^~of~^~physician~^~across~^~the~^~country~^~with~^~each~^~other~^~,~^~and~^~with~^~the~^~nation~^~ ~^~s~^~largest~^~payer~^~:~^~Medicare~^~.	IN~^~DT~^~JJ~^~CD~^~NNS~^~,~^~PRP~^~VBP~^~VBN~^~VBG~^~IN~^~DT~^~NN~^~VBG~^~NNS~^~IN~^~NNS~^~,~^~JJ~^~NN~^~NNS~^~,~^~NN~^~NN~^~NNS~^~,~^~NNS~^~,~^~CC~^~NNS~^~IN~^~NNS~^~IN~^~NNS~^~IN~^~DT~^~NN~^~IN~^~DT~^~JJ~^~,~^~CC~^~IN~^~DT~^~NN~^~NN~^~VBZ~^~JJS~^~NN~^~:~^~NNP~^~.	O~^~DURATION~^~DURATION~^~DURATION~^~DURATION~^~O~^~O~^~O~^~O~^~O~^~O~^~O~^~O~^~O~^~O~^~O~^~O~^~O~^~O~^~O~^~O~^~O~^~O~^~O~^~O~^~O~^~O~^~O~^~O~^~O~^~O~^~O~^~O~^~O~^~O~^~O~^~O~^~O~^~O~^~O~^~O~^~O~^~O~^~O~^~O~^~O~^~O~^~O~^~O~^~O~^~ORGANIZATION~^~O	_~^~det~^~amod~^~num~^~prep_over~^~_~^~nsubj~^~aux~^~aux~^~root~^~_~^~det~^~prep_in~^~vmod~^~nsubj~^~_~^~prep_of~^~_~^~amod~^~nn~^~conj_and~^~_~^~nn~^~nn~^~conj_and~^~_~^~conj_and~^~_~^~_~^~dep~^~quantmod~^~conj_and~^~_~^~conj_and~^~_~^~det~^~prep_across~^~_~^~det~^~prep_with~^~_~^~_~^~_~^~det~^~nn~^~prep_with~^~cop~^~amod~^~ccomp~^~_~^~dep~^~_	0~^~5~^~5~^~5~^~10~^~0~^~10~^~10~^~10~^~0~^~0~^~13~^~10~^~10~^~49~^~0~^~15~^~0~^~21~^~21~^~17~^~0~^~25~^~25~^~17~^~0~^~17~^~0~^~0~^~32~^~32~^~17~^~0~^~34~^~0~^~37~^~34~^~0~^~40~^~37~^~0~^~0~^~0~^~46~^~46~^~34~^~49~^~49~^~14~^~0~^~49~^~0
ability-network	"ability-network"@0	ABILITY~^~Network~^~formerly~^~VisionShare~^~is~^~helping~^~create~^~a~^~healthier~^~America~^~by~^~transforming~^~how~^~care~^~is~^~delivered~^~using~^~the~^~Internet~^~.	ABILITY~^~Network~^~formerly~^~VisionShare~^~be~^~help~^~create~^~a~^~healthier~^~America~^~by~^~transform~^~how~^~care~^~be~^~deliver~^~use~^~the~^~internet~^~.	NNP~^~NNP~^~RB~^~NNP~^~VBZ~^~VBG~^~VB~^~DT~^~JJR~^~NNP~^~IN~^~VBG~^~WRB~^~NN~^~VBZ~^~VBN~^~VBG~^~DT~^~NN~^~.	O~^~O~^~O~^~O~^~O~^~O~^~O~^~O~^~O~^~LOCATION~^~O~^~O~^~O~^~O~^~O~^~O~^~O~^~O~^~MISC~^~O	nn~^~root~^~advmod~^~nsubj~^~aux~^~rcmod~^~ccomp~^~det~^~dobj~^~dep~^~_~^~prepc_by~^~advmod~^~nsubjpass~^~auxpass~^~ccomp~^~xcomp~^~det~^~dobj~^~_	2~^~0~^~2~^~6~^~6~^~2~^~6~^~9~^~7~^~2~^~0~^~10~^~16~^~16~^~16~^~12~^~16~^~19~^~17~^~0
ability-network	"ability-network"@3	Today~^~,~^~a~^~majority~^~of~^~the~^~large~^~provider~^~organizations~^~across~^~the~^~country~^~,~^~including~^~over~^~3,000~^~hospitals~^~,~^~as~^~well~^~as~^~many~^~leading~^~healthcare~^~technology~^~companies~^~,~^~trust~^~ABILITY~^~to~^~communicate~^~with~^~their~^~healthcare~^~partners~^~.	today~^~,~^~a~^~majority~^~of~^~the~^~large~^~provider~^~organization~^~across~^~the~^~country~^~,~^~include~^~over~^~3,000~^~hospital~^~,~^~as~^~well~^~as~^~many~^~lead~^~healthcare~^~technology~^~company~^~,~^~trust~^~ability~^~to~^~communicate~^~with~^~they~^~healthcare~^~partner~^~.	NN~^~,~^~DT~^~NN~^~IN~^~DT~^~JJ~^~NN~^~NNS~^~IN~^~DT~^~NN~^~,~^~VBG~^~IN~^~CD~^~NNS~^~,~^~RB~^~RB~^~IN~^~JJ~^~VBG~^~NN~^~NN~^~NNS~^~,~^~NN~^~NN~^~TO~^~VB~^~IN~^~PRP$~^~NN~^~NNS~^~.	DATE~^~O~^~O~^~O~^~O~^~O~^~O~^~O~^~O~^~O~^~O~^~O~^~O~^~O~^~O~^~NUMBER~^~O~^~O~^~O~^~O~^~O~^~O~^~O~^~O~^~O~^~O~^~O~^~O~^~O~^~O~^~O~^~O~^~O~^~O~^~O~^~O	root~^~_~^~det~^~appos~^~_~^~det~^~amod~^~nn~^~prep_of~^~_~^~det~^~prep_across~^~_~^~rcmod~^~pcomp~^~num~^~pobj~^~_~^~_~^~_~^~_~^~amod~^~amod~^~nn~^~nn~^~conj_and~^~_~^~nn~^~appos~^~aux~^~vmod~^~_~^~poss~^~nn~^~prep_with~^~_	0~^~0~^~4~^~1~^~0~^~9~^~9~^~9~^~4~^~0~^~12~^~14~^~0~^~9~^~14~^~17~^~15~^~0~^~0~^~0~^~0~^~26~^~26~^~26~^~26~^~9~^~0~^~29~^~4~^~31~^~29~^~0~^~35~^~35~^~31~^~0
ability-network	"ability-network"@2	By~^~earning~^~the~^~trust~^~of~^~their~^~healthcare~^~providers~^~and~^~the~^~federal~^~government~^~each~^~day~^~,~^~they~^~have~^~built~^~the~^~largest~^~,~^~web-based~^~secure~^~healthcare~^~network~^~in~^~the~^~country~^~which~^~now~^~facilitates~^~millions~^~of~^~transactions~^~every~^~day~^~.	by~^~earn~^~the~^~trust~^~of~^~they~^~healthcare~^~provider~^~and~^~the~^~federal~^~government~^~each~^~day~^~,~^~they~^~have~^~build~^~the~^~largest~^~,~^~web-based~^~secure~^~healthcare~^~network~^~in~^~the~^~country~^~which~^~now~^~facilitate~^~million~^~of~^~transaction~^~every~^~day~^~.	IN~^~VBG~^~DT~^~NN~^~IN~^~PRP$~^~NN~^~NNS~^~CC~^~DT~^~JJ~^~NN~^~DT~^~NN~^~,~^~PRP~^~VBP~^~VBN~^~DT~^~JJS~^~,~^~JJ~^~JJ~^~NN~^~NN~^~IN~^~DT~^~NN~^~WDT~^~RB~^~VBZ~^~NNS~^~IN~^~NNS~^~DT~^~NN~^~.	O~^~O~^~O~^~O~^~O~^~O~^~O~^~O~^~O~^~O~^~O~^~O~^~SET~^~SET~^~O~^~O~^~O~^~O~^~O~^~O~^~O~^~O~^~O~^~O~^~O~^~O~^~O~^~O~^~O~^~DATE~^~O~^~O~^~O~^~O~^~SET~^~SET~^~O	_~^~prepc_by~^~det~^~dobj~^~_~^~poss~^~nn~^~prep_of~^~_~^~det~^~amod~^~conj_and~^~det~^~dep~^~_~^~nsubj~^~aux~^~root~^~det~^~amod~^~_~^~amod~^~amod~^~nn~^~dobj~^~_~^~det~^~prep_in~^~nsubj~^~advmod~^~rcmod~^~dobj~^~_~^~prep_of~^~det~^~dep~^~_	0~^~18~^~4~^~2~^~0~^~8~^~8~^~4~^~0~^~12~^~12~^~4~^~14~^~12~^~0~^~18~^~18~^~0~^~25~^~25~^~0~^~25~^~25~^~25~^~18~^~0~^~28~^~25~^~31~^~31~^~28~^~31~^~0~^~32~^~36~^~34~^~0
1life-healthcare	"1life-healthcare"@1	It~^~provides~^~employee~^~wellness~^~assessments~^~,~^~access~^~to~^~primary~^~care~^~physicians~^~,~^~prevention~^~and~^~wellness~^~experts~^~,~^~and~^~online/mobile~^~tools~^~and~^~services~^~.	it~^~provide~^~employee~^~wellness~^~assessment~^~,~^~access~^~to~^~primary~^~care~^~physician~^~,~^~prevention~^~and~^~wellness~^~expert~^~,~^~and~^~online/mobile~^~tool~^~and~^~service~^~.	PRP~^~VBZ~^~NN~^~NN~^~NNS~^~,~^~NN~^~TO~^~JJ~^~NN~^~NNS~^~,~^~NN~^~CC~^~NN~^~NNS~^~,~^~CC~^~NN~^~NNS~^~CC~^~NNS~^~.	O~^~O~^~O~^~O~^~O~^~O~^~O~^~O~^~O~^~O~^~O~^~O~^~O~^~O~^~O~^~O~^~O~^~O~^~O~^~O~^~O~^~O~^~O	nsubj~^~root~^~nn~^~nn~^~dobj~^~_~^~conj_and~^~_~^~amod~^~nn~^~nn~^~_~^~nn~^~_~^~nn~^~prep_to~^~_~^~_~^~nn~^~conj_and~^~_~^~conj_and~^~_	2~^~0~^~5~^~5~^~2~^~0~^~5~^~0~^~16~^~16~^~16~^~0~^~16~^~0~^~16~^~7~^~0~^~0~^~20~^~5~^~0~^~20~^~0
1life-healthcare	"1life-healthcare"@0	1Life~^~Healthcare~^~,~^~Inc.~^~offers~^~primary~^~care~^~physician~^~services~^~for~^~the~^~employers~^~.	1Life~^~Healthcare~^~,~^~Inc.~^~offer~^~primary~^~care~^~physician~^~service~^~for~^~the~^~employer~^~.	NNP~^~NNP~^~,~^~NNP~^~VBZ~^~JJ~^~NN~^~NN~^~NNS~^~IN~^~DT~^~NNS~^~.	O~^~ORGANIZATION~^~ORGANIZATION~^~ORGANIZATION~^~O~^~O~^~O~^~O~^~O~^~O~^~O~^~O~^~O	nn~^~nn~^~_~^~nsubj~^~root~^~amod~^~nn~^~nn~^~dobj~^~_~^~det~^~prep_for~^~_	4~^~4~^~0~^~5~^~0~^~9~^~9~^~9~^~5~^~0~^~12~^~9~^~0
23andme	"23andme"@7	With~^~the~^~Biotech~^~and~^~Health~^~Care~^~industries~^~growing~^~rapidly~^~,~^~23andMe~^~could~^~help~^~Google~^~get~^~and~^~maintain~^~a~^~market~^~hold~^~in~^~these~^~already~^~multi-billion~^~dollar~^~areas~^~.	with~^~the~^~Biotech~^~and~^~Health~^~Care~^~industry~^~grow~^~rapidly~^~,~^~23andme~^~could~^~help~^~Google~^~get~^~and~^~maintain~^~a~^~market~^~hold~^~in~^~these~^~already~^~multi-billion~^~dollar~^~area~^~.	IN~^~DT~^~NNP~^~CC~^~NNP~^~NNP~^~NNS~^~VBG~^~RB~^~,~^~NN~^~MD~^~VB~^~NNP~^~VB~^~CC~^~VB~^~DT~^~NN~^~NN~^~IN~^~DT~^~RB~^~JJ~^~NN~^~NNS~^~.	O~^~O~^~O~^~O~^~ORGANIZATION~^~ORGANIZATION~^~O~^~O~^~O~^~O~^~O~^~O~^~O~^~ORGANIZATION~^~O~^~O~^~O~^~O~^~O~^~O~^~O~^~O~^~O~^~O~^~O~^~O~^~O	_~^~det~^~nsubj~^~_~^~nn~^~nn~^~nsubj~^~prepc_with~^~advmod~^~_~^~nsubj~^~aux~^~root~^~nsubj~^~ccomp~^~_~^~conj_and~^~det~^~nn~^~dobj~^~_~^~det~^~advmod~^~amod~^~nn~^~prep_in~^~_	0~^~3~^~8~^~0~^~7~^~7~^~8~^~13~^~8~^~0~^~13~^~13~^~0~^~17~^~13~^~0~^~15~^~20~^~20~^~15~^~0~^~26~^~24~^~26~^~26~^~15~^~0
23andme	"23andme"@6	One~^~reason~^~the~^~Google~^~investment~^~in~^~23andMe~^~made~^~sense~^~,~^~was~^~that~^~this~^~company~^~could~^~enable~^~the~^~search~^~giant~^~to~^~index~^~another~^~facet~^~of~^~the~^~world~^~ ~^~s~^~information~^~.	one~^~reason~^~the~^~Google~^~investment~^~in~^~23andme~^~make~^~sense~^~,~^~be~^~that~^~this~^~company~^~could~^~enable~^~the~^~search~^~giant~^~to~^~index~^~another~^~facet~^~of~^~the~^~world~^~ ~^~s~^~information~^~.	CD~^~NN~^~DT~^~NNP~^~NN~^~IN~^~NN~^~VBD~^~NN~^~,~^~VBD~^~IN~^~DT~^~NN~^~MD~^~VB~^~DT~^~NN~^~NN~^~TO~^~NN~^~DT~^~NN~^~IN~^~DT~^~NN~^~NN~^~VBZ~^~NN~^~.	NUMBER~^~O~^~O~^~ORGANIZATION~^~O~^~O~^~O~^~O~^~O~^~O~^~O~^~O~^~O~^~O~^~O~^~O~^~O~^~O~^~O~^~O~^~O~^~O~^~O~^~O~^~O~^~O~^~O~^~O~^~O~^~O	num~^~nsubj~^~det~^~nn~^~nsubj~^~_~^~prep_in~^~rcmod~^~dobj~^~_~^~root~^~mark~^~det~^~nsubj~^~aux~^~ccomp~^~det~^~nn~^~dobj~^~_~^~prep_to~^~det~^~nsubj~^~_~^~det~^~nn~^~prep_of~^~cop~^~rcmod~^~_	2~^~11~^~5~^~5~^~8~^~0~^~5~^~2~^~8~^~0~^~0~^~16~^~14~^~16~^~16~^~11~^~19~^~19~^~16~^~0~^~16~^~23~^~29~^~0~^~27~^~27~^~23~^~29~^~21~^~0
23andme	"23andme"@5	The~^~company~^~also~^~markets~^~to~^~researchers~^~and~^~scientists~^~,~^~for~^~whom~^~they~^~provide~^~neatly~^~categorized~^~and~^~easily~^~searchable~^~data~^~.	the~^~company~^~also~^~market~^~to~^~researcher~^~and~^~scientist~^~,~^~for~^~whom~^~they~^~provide~^~neatly~^~categorize~^~and~^~easily~^~searchable~^~datum~^~.	DT~^~NN~^~RB~^~VBZ~^~TO~^~NNS~^~CC~^~NNS~^~,~^~IN~^~WP~^~PRP~^~VBP~^~RB~^~VBN~^~CC~^~RB~^~JJ~^~NNS~^~.	O~^~O~^~O~^~O~^~O~^~O~^~O~^~O~^~O~^~O~^~O~^~O~^~O~^~O~^~O~^~O~^~O~^~O~^~O~^~O	det~^~nsubj~^~advmod~^~root~^~_~^~prep_to~^~_~^~conj_and~^~_~^~_~^~prep_for~^~nsubj~^~rcmod~^~advmod~^~ccomp~^~_~^~advmod~^~amod~^~conj_and~^~_	2~^~4~^~4~^~0~^~0~^~4~^~0~^~6~^~0~^~0~^~13~^~13~^~6~^~15~^~13~^~0~^~19~^~19~^~15~^~0
23andme	"23andme"@4	23andMe~^~allows~^~its~^~clients/users~^~to~^~study~^~their~^~ancestry~^~,~^~genealogy~^~,~^~and~^~inherited~^~traits~^~.	23andme~^~allow~^~its~^~clients/users~^~to~^~study~^~they~^~ancestry~^~,~^~genealogy~^~,~^~and~^~inherit~^~trait~^~.	NN~^~VBZ~^~PRP$~^~NNS~^~TO~^~VB~^~PRP$~^~NN~^~,~^~NN~^~,~^~CC~^~VBN~^~NNS~^~.	O~^~O~^~O~^~O~^~O~^~O~^~O~^~O~^~O~^~O~^~O~^~O~^~O~^~O~^~O	nsubj~^~root~^~poss~^~dobj~^~aux~^~xcomp~^~poss~^~dobj~^~_~^~conj_and~^~_~^~_~^~amod~^~conj_and~^~_	2~^~0~^~4~^~2~^~6~^~2~^~8~^~6~^~0~^~8~^~0~^~0~^~14~^~8~^~0
23andme	"23andme"@3	They~^~aim~^~to~^~help~^~people~^~understand~^~what~^~their~^~genes~^~mean~^~by~^~indexing~^~them~^~and~^~highlighting~^~significant~^~findings~^~.	they~^~aim~^~to~^~help~^~people~^~understand~^~what~^~they~^~gene~^~mean~^~by~^~index~^~they~^~and~^~highlight~^~significant~^~finding~^~.	PRP~^~VBP~^~TO~^~VB~^~NNS~^~VB~^~WP~^~PRP$~^~NNS~^~VBP~^~IN~^~VBG~^~PRP~^~CC~^~VBG~^~JJ~^~NNS~^~.	O~^~O~^~O~^~O~^~O~^~O~^~O~^~O~^~O~^~O~^~O~^~O~^~O~^~O~^~O~^~O~^~O~^~O	nsubj~^~root~^~aux~^~xcomp~^~nsubj~^~ccomp~^~dobj~^~poss~^~nsubj~^~ccomp~^~_~^~prepc_by~^~dobj~^~_~^~conj_and~^~amod~^~dobj~^~_	2~^~0~^~4~^~2~^~6~^~4~^~10~^~9~^~10~^~6~^~0~^~10~^~12~^~0~^~12~^~17~^~15~^~0
23andme	"23andme"@2	The~^~company~^~was~^~named~^~after~^~the~^~number~^~of~^~chromosome~^~pairs~^~in~^~humans~^~.	the~^~company~^~be~^~name~^~after~^~the~^~number~^~of~^~chromosome~^~pair~^~in~^~human~^~.	DT~^~NN~^~VBD~^~VBN~^~IN~^~DT~^~NN~^~IN~^~NN~^~NNS~^~IN~^~NNS~^~.	O~^~O~^~O~^~O~^~O~^~O~^~O~^~O~^~O~^~O~^~O~^~O~^~O	det~^~nsubjpass~^~auxpass~^~root~^~_~^~det~^~prep_after~^~_~^~nn~^~prep_of~^~_~^~prep_in~^~_	2~^~4~^~4~^~0~^~0~^~7~^~4~^~0~^~10~^~7~^~0~^~10~^~0
23andme	"23andme"@1	Brin~^~,~^~along~^~with~^~Google~^~,~^~gave~^~23andMe~^~$~^~3.9~^~million~^~as~^~part~^~of~^~a~^~series~^~A~^~in~^~May~^~of~^~2007~^~.	Brin~^~,~^~along~^~with~^~Google~^~,~^~give~^~23andme~^~$~^~3.9~^~million~^~as~^~part~^~of~^~a~^~series~^~a~^~in~^~May~^~of~^~2007~^~.	NNP~^~,~^~IN~^~IN~^~NNP~^~,~^~VBD~^~JJ~^~$~^~CD~^~CD~^~IN~^~NN~^~IN~^~DT~^~NN~^~NN~^~IN~^~NNP~^~IN~^~CD~^~.	PERSON~^~O~^~O~^~O~^~ORGANIZATION~^~O~^~O~^~O~^~MONEY~^~MONEY~^~MONEY~^~O~^~O~^~O~^~O~^~O~^~O~^~O~^~DATE~^~DATE~^~DATE~^~O	nsubj~^~_~^~_~^~_~^~prep_along_with~^~_~^~root~^~iobj~^~dobj~^~number~^~num~^~_~^~prep_as~^~_~^~det~^~nn~^~prep_of~^~_~^~prep_in~^~_~^~prep_of~^~_	7~^~0~^~0~^~0~^~7~^~0~^~0~^~7~^~7~^~11~^~9~^~0~^~7~^~0~^~17~^~17~^~13~^~0~^~17~^~0~^~19~^~0
23andme	"23andme"@0	A~^~startup~^~co-founded~^~by~^~Anne~^~Wojcicki~^~,~^~the~^~wife~^~of~^~Google~^~co-founder~^~Sergey~^~Brin~^~,~^~23andMe~^~has~^~plans~^~to~^~make~^~the~^~human~^~genome~^~searchable~^~.	a~^~startup~^~co-found~^~by~^~Anne~^~Wojcicki~^~,~^~the~^~wife~^~of~^~Google~^~co-founder~^~Sergey~^~Brin~^~,~^~23andMe~^~have~^~plan~^~to~^~make~^~the~^~human~^~genome~^~searchable~^~.	DT~^~NN~^~VBN~^~IN~^~NNP~^~NNP~^~,~^~DT~^~NN~^~IN~^~NNP~^~NN~^~NNP~^~NNP~^~,~^~NNP~^~VBZ~^~NNS~^~TO~^~VB~^~DT~^~JJ~^~NN~^~NN~^~.	O~^~O~^~O~^~O~^~PERSON~^~PERSON~^~O~^~O~^~O~^~O~^~ORGANIZATION~^~O~^~PERSON~^~PERSON~^~O~^~O~^~O~^~O~^~O~^~O~^~O~^~O~^~O~^~O~^~O	det~^~nsubj~^~vmod~^~_~^~nn~^~agent~^~_~^~det~^~appos~^~_~^~nn~^~nn~^~nn~^~prep_of~^~_~^~nsubj~^~root~^~dobj~^~aux~^~vmod~^~det~^~amod~^~nn~^~dobj~^~_	2~^~3~^~17~^~0~^~6~^~3~^~0~^~9~^~6~^~0~^~14~^~14~^~14~^~9~^~0~^~17~^~0~^~17~^~20~^~18~^~24~^~24~^~24~^~20~^~0
ability-network	"ability-network"@1	Over~^~the~^~last~^~ten~^~years~^~,~^~they~^~have~^~been~^~working~^~in~^~the~^~background~^~connecting~^~thousands~^~of~^~hospitals~^~,~^~skilled~^~nursing~^~facilities~^~,~^~home~^~health~^~agencies~^~,~^~clinics~^~,~^~and~^~tens~^~of~^~thousands~^~of~^~physicians~^~across~^~the~^~country~^~with~^~each~^~other~^~,~^~and~^~with~^~the~^~nation~^~ ~^~s~^~largest~^~payer~^~:~^~Medicare~^~.	over~^~the~^~last~^~ten~^~year~^~,~^~they~^~have~^~be~^~work~^~in~^~the~^~background~^~connect~^~thousand~^~of~^~hospital~^~,~^~skilled~^~nursing~^~facility~^~,~^~home~^~health~^~agency~^~,~^~clinic~^~,~^~and~^~ten~^~of~^~thousand~^~of~^~physician~^~across~^~the~^~country~^~with~^~each~^~other~^~,~^~and~^~with~^~the~^~nation~^~ ~^~s~^~largest~^~payer~^~:~^~Medicare~^~.	IN~^~DT~^~JJ~^~CD~^~NNS~^~,~^~PRP~^~VBP~^~VBN~^~VBG~^~IN~^~DT~^~NN~^~VBG~^~NNS~^~IN~^~NNS~^~,~^~JJ~^~NN~^~NNS~^~,~^~NN~^~NN~^~NNS~^~,~^~NNS~^~,~^~CC~^~NNS~^~IN~^~NNS~^~IN~^~NNS~^~IN~^~DT~^~NN~^~IN~^~DT~^~JJ~^~,~^~CC~^~IN~^~DT~^~NN~^~NN~^~VBZ~^~JJS~^~NN~^~:~^~NNP~^~.	O~^~DURATION~^~DURATION~^~DURATION~^~DURATION~^~O~^~O~^~O~^~O~^~O~^~O~^~O~^~O~^~O~^~O~^~O~^~O~^~O~^~O~^~O~^~O~^~O~^~O~^~O~^~O~^~O~^~O~^~O~^~O~^~O~^~O~^~O~^~O~^~O~^~O~^~O~^~O~^~O~^~O~^~O~^~O~^~O~^~O~^~O~^~O~^~O~^~O~^~O~^~O~^~O~^~ORGANIZATION~^~O	_~^~det~^~amod~^~num~^~prep_over~^~_~^~nsubj~^~aux~^~aux~^~root~^~_~^~det~^~prep_in~^~vmod~^~nsubj~^~_~^~prep_of~^~_~^~amod~^~nn~^~conj_and~^~_~^~nn~^~nn~^~conj_and~^~_~^~conj_and~^~_~^~_~^~dep~^~quantmod~^~conj_and~^~_~^~conj_and~^~_~^~det~^~prep_across~^~_~^~det~^~prep_with~^~_~^~_~^~_~^~det~^~nn~^~prep_with~^~cop~^~amod~^~ccomp~^~_~^~dep~^~_	0~^~5~^~5~^~5~^~10~^~0~^~10~^~10~^~10~^~0~^~0~^~13~^~10~^~10~^~49~^~0~^~15~^~0~^~21~^~21~^~17~^~0~^~25~^~25~^~17~^~0~^~17~^~0~^~0~^~32~^~32~^~17~^~0~^~34~^~0~^~37~^~34~^~0~^~40~^~37~^~0~^~0~^~0~^~46~^~46~^~34~^~49~^~49~^~14~^~0~^~49~^~0
ability-network	"ability-network"@0	ABILITY~^~Network~^~formerly~^~VisionShare~^~is~^~helping~^~create~^~a~^~healthier~^~America~^~by~^~transforming~^~how~^~care~^~is~^~delivered~^~using~^~the~^~Internet~^~.	ABILITY~^~Network~^~formerly~^~VisionShare~^~be~^~help~^~create~^~a~^~healthier~^~America~^~by~^~transform~^~how~^~care~^~be~^~deliver~^~use~^~the~^~internet~^~.	NNP~^~NNP~^~RB~^~NNP~^~VBZ~^~VBG~^~VB~^~DT~^~JJR~^~NNP~^~IN~^~VBG~^~WRB~^~NN~^~VBZ~^~VBN~^~VBG~^~DT~^~NN~^~.	O~^~O~^~O~^~O~^~O~^~O~^~O~^~O~^~O~^~LOCATION~^~O~^~O~^~O~^~O~^~O~^~O~^~O~^~O~^~MISC~^~O	nn~^~root~^~advmod~^~nsubj~^~aux~^~rcmod~^~ccomp~^~det~^~dobj~^~dep~^~_~^~prepc_by~^~advmod~^~nsubjpass~^~auxpass~^~ccomp~^~xcomp~^~det~^~dobj~^~_	2~^~0~^~2~^~6~^~6~^~2~^~6~^~9~^~7~^~2~^~0~^~10~^~16~^~16~^~16~^~12~^~16~^~19~^~17~^~0
abk-biomedical	"abk-biomedical"@2	ABK~^~Biomedical~^~is~^~located~^~in~^~Halifax~^~,~^~NS~^~,~^~and~^~was~^~co-founded~^~at~^~Dalhousie~^~University~^~by~^~interventional~^~radiologist~^~,~^~Dr.~^~Bob~^~Abraham~^~,~^~and~^~materials~^~scientists~^~Daniel~^~Boyd~^~and~^~Sharon~^~Kehoe~^~.	ABK~^~Biomedical~^~be~^~located~^~in~^~Halifax~^~,~^~NS~^~,~^~and~^~be~^~co-found~^~at~^~Dalhousie~^~University~^~by~^~interventional~^~radiologist~^~,~^~Dr.~^~Bob~^~Abraham~^~,~^~and~^~material~^~scientist~^~Daniel~^~Boyd~^~and~^~Sharon~^~Kehoe~^~.	NNP~^~NNP~^~VBZ~^~JJ~^~IN~^~NNP~^~,~^~NNP~^~,~^~CC~^~VBD~^~VBN~^~IN~^~NNP~^~NNP~^~IN~^~JJ~^~NN~^~,~^~NNP~^~NNP~^~NNP~^~,~^~CC~^~NNS~^~NNS~^~NNP~^~NNP~^~CC~^~NNP~^~NNP~^~.	O~^~O~^~O~^~O~^~O~^~LOCATION~^~O~^~O~^~O~^~O~^~O~^~O~^~O~^~ORGANIZATION~^~ORGANIZATION~^~O~^~O~^~O~^~O~^~O~^~PERSON~^~PERSON~^~O~^~O~^~O~^~O~^~PERSON~^~PERSON~^~O~^~PERSON~^~PERSON~^~O	nn~^~nsubjpass~^~cop~^~root~^~_~^~nn~^~_~^~prep_in~^~_~^~_~^~auxpass~^~conj_and~^~_~^~nn~^~prep_at~^~_~^~amod~^~agent~^~_~^~nn~^~nn~^~conj_and~^~_~^~_~^~conj_and~^~nn~^~nn~^~dep~^~_~^~nn~^~conj_and~^~_	2~^~12~^~4~^~0~^~0~^~8~^~0~^~4~^~0~^~0~^~12~^~4~^~0~^~15~^~12~^~0~^~18~^~12~^~0~^~22~^~22~^~18~^~0~^~0~^~18~^~28~^~28~^~25~^~0~^~31~^~28~^~0
abk-biomedical	"abk-biomedical"@1	The~^~company~^~is~^~driven~^~by~^~the~^~unmet~^~clinical~^~need~^~to~^~develop~^~integrated~^~solutions~^~-LRB-~^~devices~^~and~^~instruments~^~-RRB-~^~to~^~simplify~^~embolotherapy~^~procedures~^~performed~^~by~^~interventional~^~radiologists~^~,~^~particularly~^~uterine~^~fibroid~^~embolization~^~-LRB-~^~UFE~^~-RRB-~^~.	the~^~company~^~be~^~drive~^~by~^~the~^~unmet~^~clinical~^~need~^~to~^~develop~^~integrated~^~solution~^~-lrb-~^~device~^~and~^~instrument~^~-rrb-~^~to~^~simplify~^~embolotherapy~^~procedure~^~perform~^~by~^~interventional~^~radiologist~^~,~^~particularly~^~uterine~^~fibroid~^~embolization~^~-lrb-~^~ufe~^~-rrb-~^~.	DT~^~NN~^~VBZ~^~VBN~^~IN~^~DT~^~JJ~^~JJ~^~NN~^~TO~^~VB~^~JJ~^~NNS~^~-LRB-~^~NNS~^~CC~^~NNS~^~-RRB-~^~TO~^~VB~^~JJ~^~NNS~^~VBN~^~IN~^~JJ~^~NNS~^~,~^~RB~^~JJ~^~NN~^~NN~^~-LRB-~^~NN~^~-RRB-~^~.	O~^~O~^~O~^~O~^~O~^~O~^~O~^~O~^~O~^~O~^~O~^~O~^~O~^~O~^~O~^~O~^~O~^~O~^~O~^~O~^~O~^~O~^~O~^~O~^~O~^~O~^~O~^~O~^~O~^~O~^~O~^~O~^~O~^~O~^~O	det~^~nsubjpass~^~auxpass~^~root~^~_~^~det~^~amod~^~amod~^~agent~^~aux~^~xcomp~^~amod~^~dobj~^~_~^~dep~^~_~^~conj_and~^~_~^~aux~^~xcomp~^~amod~^~dobj~^~vmod~^~_~^~amod~^~agent~^~_~^~advmod~^~amod~^~nn~^~appos~^~_~^~appos~^~_~^~_	2~^~4~^~4~^~0~^~0~^~9~^~9~^~9~^~4~^~11~^~4~^~13~^~11~^~0~^~11~^~0~^~15~^~0~^~20~^~11~^~22~^~20~^~22~^~0~^~26~^~23~^~0~^~29~^~31~^~31~^~26~^~0~^~31~^~0~^~0
abk-biomedical	"abk-biomedical"@0	ABK~^~Biomedical~^~is~^~a~^~research~^~and~^~development~^~company~^~innovating~^~next~^~generation~^~embolotherapeutic~^~products~^~and~^~delivery~^~devices~^~for~^~the~^~treatment~^~of~^~uterine~^~fibroids~^~,~^~hypervascularized~^~tumours~^~,~^~and~^~arteriovenous~^~malformations~^~.	ABK~^~Biomedical~^~be~^~a~^~research~^~and~^~development~^~company~^~innovate~^~next~^~generation~^~embolotherapeutic~^~product~^~and~^~delivery~^~device~^~for~^~the~^~treatment~^~of~^~uterine~^~fibroid~^~,~^~hypervascularized~^~tumour~^~,~^~and~^~arteriovenous~^~malformation~^~.	NNP~^~NNP~^~VBZ~^~DT~^~NN~^~CC~^~NN~^~NN~^~VBG~^~JJ~^~NN~^~JJ~^~NNS~^~CC~^~NN~^~NNS~^~IN~^~DT~^~NN~^~IN~^~JJ~^~NNS~^~,~^~JJ~^~NNS~^~,~^~CC~^~JJ~^~NNS~^~.	O~^~O~^~O~^~O~^~O~^~O~^~O~^~O~^~O~^~O~^~O~^~O~^~O~^~O~^~O~^~O~^~O~^~O~^~O~^~O~^~O~^~O~^~O~^~O~^~O~^~O~^~O~^~O~^~O~^~O	nn~^~nsubj~^~cop~^~det~^~nn~^~_~^~nn~^~root~^~vmod~^~amod~^~dobj~^~amod~^~dep~^~_~^~nn~^~conj_and~^~_~^~det~^~prep_for~^~_~^~amod~^~prep_of~^~_~^~amod~^~conj_and~^~_~^~_~^~amod~^~conj_and~^~_	2~^~8~^~8~^~8~^~8~^~0~^~8~^~0~^~8~^~11~^~9~^~13~^~11~^~0~^~16~^~11~^~0~^~19~^~16~^~0~^~22~^~19~^~0~^~25~^~22~^~0~^~0~^~29~^~22~^~0
abk-biomedical	"abk-biomedical"@2	ABK~^~Biomedical~^~is~^~located~^~in~^~Halifax~^~,~^~NS~^~,~^~and~^~was~^~co-founded~^~at~^~Dalhousie~^~University~^~by~^~interventional~^~radiologist~^~,~^~Dr.~^~Bob~^~Abraham~^~,~^~and~^~materials~^~scientists~^~Daniel~^~Boyd~^~and~^~Sharon~^~Kehoe~^~.	ABK~^~Biomedical~^~be~^~located~^~in~^~Halifax~^~,~^~NS~^~,~^~and~^~be~^~co-found~^~at~^~Dalhousie~^~University~^~by~^~interventional~^~radiologist~^~,~^~Dr.~^~Bob~^~Abraham~^~,~^~and~^~material~^~scientist~^~Daniel~^~Boyd~^~and~^~Sharon~^~Kehoe~^~.	NNP~^~NNP~^~VBZ~^~JJ~^~IN~^~NNP~^~,~^~NNP~^~,~^~CC~^~VBD~^~VBN~^~IN~^~NNP~^~NNP~^~IN~^~JJ~^~NN~^~,~^~NNP~^~NNP~^~NNP~^~,~^~CC~^~NNS~^~NNS~^~NNP~^~NNP~^~CC~^~NNP~^~NNP~^~.	O~^~O~^~O~^~O~^~O~^~LOCATION~^~O~^~O~^~O~^~O~^~O~^~O~^~O~^~ORGANIZATION~^~ORGANIZATION~^~O~^~O~^~O~^~O~^~O~^~PERSON~^~PERSON~^~O~^~O~^~O~^~O~^~PERSON~^~PERSON~^~O~^~PERSON~^~PERSON~^~O	nn~^~nsubjpass~^~cop~^~root~^~_~^~nn~^~_~^~prep_in~^~_~^~_~^~auxpass~^~conj_and~^~_~^~nn~^~prep_at~^~_~^~amod~^~agent~^~_~^~nn~^~nn~^~conj_and~^~_~^~_~^~conj_and~^~nn~^~nn~^~dep~^~_~^~nn~^~conj_and~^~_	2~^~12~^~4~^~0~^~0~^~8~^~0~^~4~^~0~^~0~^~12~^~4~^~0~^~15~^~12~^~0~^~18~^~12~^~0~^~22~^~22~^~18~^~0~^~0~^~18~^~28~^~28~^~25~^~0~^~31~^~28~^~0
23andme	"23andme"@7	With~^~the~^~Biotech~^~and~^~Health~^~Care~^~industries~^~growing~^~rapidly~^~,~^~23andMe~^~could~^~help~^~Google~^~get~^~and~^~maintain~^~a~^~market~^~hold~^~in~^~these~^~already~^~multi-billion~^~dollar~^~areas~^~.	with~^~the~^~Biotech~^~and~^~Health~^~Care~^~industry~^~grow~^~rapidly~^~,~^~23andme~^~could~^~help~^~Google~^~get~^~and~^~maintain~^~a~^~market~^~hold~^~in~^~these~^~already~^~multi-billion~^~dollar~^~area~^~.	IN~^~DT~^~NNP~^~CC~^~NNP~^~NNP~^~NNS~^~VBG~^~RB~^~,~^~NN~^~MD~^~VB~^~NNP~^~VB~^~CC~^~VB~^~DT~^~NN~^~NN~^~IN~^~DT~^~RB~^~JJ~^~NN~^~NNS~^~.	O~^~O~^~O~^~O~^~ORGANIZATION~^~ORGANIZATION~^~O~^~O~^~O~^~O~^~O~^~O~^~O~^~ORGANIZATION~^~O~^~O~^~O~^~O~^~O~^~O~^~O~^~O~^~O~^~O~^~O~^~O~^~O	_~^~det~^~nsubj~^~_~^~nn~^~nn~^~nsubj~^~prepc_with~^~advmod~^~_~^~nsubj~^~aux~^~root~^~nsubj~^~ccomp~^~_~^~conj_and~^~det~^~nn~^~dobj~^~_~^~det~^~advmod~^~amod~^~nn~^~prep_in~^~_	0~^~3~^~8~^~0~^~7~^~7~^~8~^~13~^~8~^~0~^~13~^~13~^~0~^~17~^~13~^~0~^~15~^~20~^~20~^~15~^~0~^~26~^~24~^~26~^~26~^~15~^~0
23andme	"23andme"@6	One~^~reason~^~the~^~Google~^~investment~^~in~^~23andMe~^~made~^~sense~^~,~^~was~^~that~^~this~^~company~^~could~^~enable~^~the~^~search~^~giant~^~to~^~index~^~another~^~facet~^~of~^~the~^~world~^~ ~^~s~^~information~^~.	one~^~reason~^~the~^~Google~^~investment~^~in~^~23andme~^~make~^~sense~^~,~^~be~^~that~^~this~^~company~^~could~^~enable~^~the~^~search~^~giant~^~to~^~index~^~another~^~facet~^~of~^~the~^~world~^~ ~^~s~^~information~^~.	CD~^~NN~^~DT~^~NNP~^~NN~^~IN~^~NN~^~VBD~^~NN~^~,~^~VBD~^~IN~^~DT~^~NN~^~MD~^~VB~^~DT~^~NN~^~NN~^~TO~^~NN~^~DT~^~NN~^~IN~^~DT~^~NN~^~NN~^~VBZ~^~NN~^~.	NUMBER~^~O~^~O~^~ORGANIZATION~^~O~^~O~^~O~^~O~^~O~^~O~^~O~^~O~^~O~^~O~^~O~^~O~^~O~^~O~^~O~^~O~^~O~^~O~^~O~^~O~^~O~^~O~^~O~^~O~^~O~^~O	num~^~nsubj~^~det~^~nn~^~nsubj~^~_~^~prep_in~^~rcmod~^~dobj~^~_~^~root~^~mark~^~det~^~nsubj~^~aux~^~ccomp~^~det~^~nn~^~dobj~^~_~^~prep_to~^~det~^~nsubj~^~_~^~det~^~nn~^~prep_of~^~cop~^~rcmod~^~_	2~^~11~^~5~^~5~^~8~^~0~^~5~^~2~^~8~^~0~^~0~^~16~^~14~^~16~^~16~^~11~^~19~^~19~^~16~^~0~^~16~^~23~^~29~^~0~^~27~^~27~^~23~^~29~^~21~^~0
23andme	"23andme"@5	The~^~company~^~also~^~markets~^~to~^~researchers~^~and~^~scientists~^~,~^~for~^~whom~^~they~^~provide~^~neatly~^~categorized~^~and~^~easily~^~searchable~^~data~^~.	the~^~company~^~also~^~market~^~to~^~researcher~^~and~^~scientist~^~,~^~for~^~whom~^~they~^~provide~^~neatly~^~categorize~^~and~^~easily~^~searchable~^~datum~^~.	DT~^~NN~^~RB~^~VBZ~^~TO~^~NNS~^~CC~^~NNS~^~,~^~IN~^~WP~^~PRP~^~VBP~^~RB~^~VBN~^~CC~^~RB~^~JJ~^~NNS~^~.	O~^~O~^~O~^~O~^~O~^~O~^~O~^~O~^~O~^~O~^~O~^~O~^~O~^~O~^~O~^~O~^~O~^~O~^~O~^~O	det~^~nsubj~^~advmod~^~root~^~_~^~prep_to~^~_~^~conj_and~^~_~^~_~^~prep_for~^~nsubj~^~rcmod~^~advmod~^~ccomp~^~_~^~advmod~^~amod~^~conj_and~^~_	2~^~4~^~4~^~0~^~0~^~4~^~0~^~6~^~0~^~0~^~13~^~13~^~6~^~15~^~13~^~0~^~19~^~19~^~15~^~0
23andme	"23andme"@4	23andMe~^~allows~^~its~^~clients/users~^~to~^~study~^~their~^~ancestry~^~,~^~genealogy~^~,~^~and~^~inherited~^~traits~^~.	23andme~^~allow~^~its~^~clients/users~^~to~^~study~^~they~^~ancestry~^~,~^~genealogy~^~,~^~and~^~inherit~^~trait~^~.	NN~^~VBZ~^~PRP$~^~NNS~^~TO~^~VB~^~PRP$~^~NN~^~,~^~NN~^~,~^~CC~^~VBN~^~NNS~^~.	O~^~O~^~O~^~O~^~O~^~O~^~O~^~O~^~O~^~O~^~O~^~O~^~O~^~O~^~O	nsubj~^~root~^~poss~^~dobj~^~aux~^~xcomp~^~poss~^~dobj~^~_~^~conj_and~^~_~^~_~^~amod~^~conj_and~^~_	2~^~0~^~4~^~2~^~6~^~2~^~8~^~6~^~0~^~8~^~0~^~0~^~14~^~8~^~0
23andme	"23andme"@3	They~^~aim~^~to~^~help~^~people~^~understand~^~what~^~their~^~genes~^~mean~^~by~^~indexing~^~them~^~and~^~highlighting~^~significant~^~findings~^~.	they~^~aim~^~to~^~help~^~people~^~understand~^~what~^~they~^~gene~^~mean~^~by~^~index~^~they~^~and~^~highlight~^~significant~^~finding~^~.	PRP~^~VBP~^~TO~^~VB~^~NNS~^~VB~^~WP~^~PRP$~^~NNS~^~VBP~^~IN~^~VBG~^~PRP~^~CC~^~VBG~^~JJ~^~NNS~^~.	O~^~O~^~O~^~O~^~O~^~O~^~O~^~O~^~O~^~O~^~O~^~O~^~O~^~O~^~O~^~O~^~O~^~O	nsubj~^~root~^~aux~^~xcomp~^~nsubj~^~ccomp~^~dobj~^~poss~^~nsubj~^~ccomp~^~_~^~prepc_by~^~dobj~^~_~^~conj_and~^~amod~^~dobj~^~_	2~^~0~^~4~^~2~^~6~^~4~^~10~^~9~^~10~^~6~^~0~^~10~^~12~^~0~^~12~^~17~^~15~^~0
23andme	"23andme"@2	The~^~company~^~was~^~named~^~after~^~the~^~number~^~of~^~chromosome~^~pairs~^~in~^~humans~^~.	the~^~company~^~be~^~name~^~after~^~the~^~number~^~of~^~chromosome~^~pair~^~in~^~human~^~.	DT~^~NN~^~VBD~^~VBN~^~IN~^~DT~^~NN~^~IN~^~NN~^~NNS~^~IN~^~NNS~^~.	O~^~O~^~O~^~O~^~O~^~O~^~O~^~O~^~O~^~O~^~O~^~O~^~O	det~^~nsubjpass~^~auxpass~^~root~^~_~^~det~^~prep_after~^~_~^~nn~^~prep_of~^~_~^~prep_in~^~_	2~^~4~^~4~^~0~^~0~^~7~^~4~^~0~^~10~^~7~^~0~^~10~^~0
23andme	"23andme"@1	Brin~^~,~^~along~^~with~^~Google~^~,~^~gave~^~23andMe~^~$~^~3.9~^~million~^~as~^~part~^~of~^~a~^~series~^~A~^~in~^~May~^~of~^~2007~^~.	Brin~^~,~^~along~^~with~^~Google~^~,~^~give~^~23andme~^~$~^~3.9~^~million~^~as~^~part~^~of~^~a~^~series~^~a~^~in~^~May~^~of~^~2007~^~.	NNP~^~,~^~IN~^~IN~^~NNP~^~,~^~VBD~^~JJ~^~$~^~CD~^~CD~^~IN~^~NN~^~IN~^~DT~^~NN~^~NN~^~IN~^~NNP~^~IN~^~CD~^~.	PERSON~^~O~^~O~^~O~^~ORGANIZATION~^~O~^~O~^~O~^~MONEY~^~MONEY~^~MONEY~^~O~^~O~^~O~^~O~^~O~^~O~^~O~^~DATE~^~DATE~^~DATE~^~O	nsubj~^~_~^~_~^~_~^~prep_along_with~^~_~^~root~^~iobj~^~dobj~^~number~^~num~^~_~^~prep_as~^~_~^~det~^~nn~^~prep_of~^~_~^~prep_in~^~_~^~prep_of~^~_	7~^~0~^~0~^~0~^~7~^~0~^~0~^~7~^~7~^~11~^~9~^~0~^~7~^~0~^~17~^~17~^~13~^~0~^~17~^~0~^~19~^~0
23andme	"23andme"@0	A~^~startup~^~co-founded~^~by~^~Anne~^~Wojcicki~^~,~^~the~^~wife~^~of~^~Google~^~co-founder~^~Sergey~^~Brin~^~,~^~23andMe~^~has~^~plans~^~to~^~make~^~the~^~human~^~genome~^~searchable~^~.	a~^~startup~^~co-found~^~by~^~Anne~^~Wojcicki~^~,~^~the~^~wife~^~of~^~Google~^~co-founder~^~Sergey~^~Brin~^~,~^~23andMe~^~have~^~plan~^~to~^~make~^~the~^~human~^~genome~^~searchable~^~.	DT~^~NN~^~VBN~^~IN~^~NNP~^~NNP~^~,~^~DT~^~NN~^~IN~^~NNP~^~NN~^~NNP~^~NNP~^~,~^~NNP~^~VBZ~^~NNS~^~TO~^~VB~^~DT~^~JJ~^~NN~^~NN~^~.	O~^~O~^~O~^~O~^~PERSON~^~PERSON~^~O~^~O~^~O~^~O~^~ORGANIZATION~^~O~^~PERSON~^~PERSON~^~O~^~O~^~O~^~O~^~O~^~O~^~O~^~O~^~O~^~O~^~O	det~^~nsubj~^~vmod~^~_~^~nn~^~agent~^~_~^~det~^~appos~^~_~^~nn~^~nn~^~nn~^~prep_of~^~_~^~nsubj~^~root~^~dobj~^~aux~^~vmod~^~det~^~amod~^~nn~^~dobj~^~_	2~^~3~^~17~^~0~^~6~^~3~^~0~^~9~^~6~^~0~^~14~^~14~^~14~^~9~^~0~^~17~^~0~^~17~^~20~^~18~^~24~^~24~^~24~^~20~^~0
23andme	"23andme"@7	With~^~the~^~Biotech~^~and~^~Health~^~Care~^~industries~^~growing~^~rapidly~^~,~^~23andMe~^~could~^~help~^~Google~^~get~^~and~^~maintain~^~a~^~market~^~hold~^~in~^~these~^~already~^~multi-billion~^~dollar~^~areas~^~.	with~^~the~^~Biotech~^~and~^~Health~^~Care~^~industry~^~grow~^~rapidly~^~,~^~23andme~^~could~^~help~^~Google~^~get~^~and~^~maintain~^~a~^~market~^~hold~^~in~^~these~^~already~^~multi-billion~^~dollar~^~area~^~.	IN~^~DT~^~NNP~^~CC~^~NNP~^~NNP~^~NNS~^~VBG~^~RB~^~,~^~NN~^~MD~^~VB~^~NNP~^~VB~^~CC~^~VB~^~DT~^~NN~^~NN~^~IN~^~DT~^~RB~^~JJ~^~NN~^~NNS~^~.	O~^~O~^~O~^~O~^~ORGANIZATION~^~ORGANIZATION~^~O~^~O~^~O~^~O~^~O~^~O~^~O~^~ORGANIZATION~^~O~^~O~^~O~^~O~^~O~^~O~^~O~^~O~^~O~^~O~^~O~^~O~^~O	_~^~det~^~nsubj~^~_~^~nn~^~nn~^~nsubj~^~prepc_with~^~advmod~^~_~^~nsubj~^~aux~^~root~^~nsubj~^~ccomp~^~_~^~conj_and~^~det~^~nn~^~dobj~^~_~^~det~^~advmod~^~amod~^~nn~^~prep_in~^~_	0~^~3~^~8~^~0~^~7~^~7~^~8~^~13~^~8~^~0~^~13~^~13~^~0~^~17~^~13~^~0~^~15~^~20~^~20~^~15~^~0~^~26~^~24~^~26~^~26~^~15~^~0
abk-biomedical	"abk-biomedical"@1	The~^~company~^~is~^~driven~^~by~^~the~^~unmet~^~clinical~^~need~^~to~^~develop~^~integrated~^~solutions~^~-LRB-~^~devices~^~and~^~instruments~^~-RRB-~^~to~^~simplify~^~embolotherapy~^~procedures~^~performed~^~by~^~interventional~^~radiologists~^~,~^~particularly~^~uterine~^~fibroid~^~embolization~^~-LRB-~^~UFE~^~-RRB-~^~.	the~^~company~^~be~^~drive~^~by~^~the~^~unmet~^~clinical~^~need~^~to~^~develop~^~integrated~^~solution~^~-lrb-~^~device~^~and~^~instrument~^~-rrb-~^~to~^~simplify~^~embolotherapy~^~procedure~^~perform~^~by~^~interventional~^~radiologist~^~,~^~particularly~^~uterine~^~fibroid~^~embolization~^~-lrb-~^~ufe~^~-rrb-~^~.	DT~^~NN~^~VBZ~^~VBN~^~IN~^~DT~^~JJ~^~JJ~^~NN~^~TO~^~VB~^~JJ~^~NNS~^~-LRB-~^~NNS~^~CC~^~NNS~^~-RRB-~^~TO~^~VB~^~JJ~^~NNS~^~VBN~^~IN~^~JJ~^~NNS~^~,~^~RB~^~JJ~^~NN~^~NN~^~-LRB-~^~NN~^~-RRB-~^~.	O~^~O~^~O~^~O~^~O~^~O~^~O~^~O~^~O~^~O~^~O~^~O~^~O~^~O~^~O~^~O~^~O~^~O~^~O~^~O~^~O~^~O~^~O~^~O~^~O~^~O~^~O~^~O~^~O~^~O~^~O~^~O~^~O~^~O~^~O	det~^~nsubjpass~^~auxpass~^~root~^~_~^~det~^~amod~^~amod~^~agent~^~aux~^~xcomp~^~amod~^~dobj~^~_~^~dep~^~_~^~conj_and~^~_~^~aux~^~xcomp~^~amod~^~dobj~^~vmod~^~_~^~amod~^~agent~^~_~^~advmod~^~amod~^~nn~^~appos~^~_~^~appos~^~_~^~_	2~^~4~^~4~^~0~^~0~^~9~^~9~^~9~^~4~^~11~^~4~^~13~^~11~^~0~^~11~^~0~^~15~^~0~^~20~^~11~^~22~^~20~^~22~^~0~^~26~^~23~^~0~^~29~^~31~^~31~^~26~^~0~^~31~^~0~^~0
abk-biomedical	"abk-biomedical"@0	ABK~^~Biomedical~^~is~^~a~^~research~^~and~^~development~^~company~^~innovating~^~next~^~generation~^~embolotherapeutic~^~products~^~and~^~delivery~^~devices~^~for~^~the~^~treatment~^~of~^~uterine~^~fibroids~^~,~^~hypervascularized~^~tumours~^~,~^~and~^~arteriovenous~^~malformations~^~.	ABK~^~Biomedical~^~be~^~a~^~research~^~and~^~development~^~company~^~innovate~^~next~^~generation~^~embolotherapeutic~^~product~^~and~^~delivery~^~device~^~for~^~the~^~treatment~^~of~^~uterine~^~fibroid~^~,~^~hypervascularized~^~tumour~^~,~^~and~^~arteriovenous~^~malformation~^~.	NNP~^~NNP~^~VBZ~^~DT~^~NN~^~CC~^~NN~^~NN~^~VBG~^~JJ~^~NN~^~JJ~^~NNS~^~CC~^~NN~^~NNS~^~IN~^~DT~^~NN~^~IN~^~JJ~^~NNS~^~,~^~JJ~^~NNS~^~,~^~CC~^~JJ~^~NNS~^~.	O~^~O~^~O~^~O~^~O~^~O~^~O~^~O~^~O~^~O~^~O~^~O~^~O~^~O~^~O~^~O~^~O~^~O~^~O~^~O~^~O~^~O~^~O~^~O~^~O~^~O~^~O~^~O~^~O~^~O	nn~^~nsubj~^~cop~^~det~^~nn~^~_~^~nn~^~root~^~vmod~^~amod~^~dobj~^~amod~^~dep~^~_~^~nn~^~conj_and~^~_~^~det~^~prep_for~^~_~^~amod~^~prep_of~^~_~^~amod~^~conj_and~^~_~^~_~^~amod~^~conj_and~^~_	2~^~8~^~8~^~8~^~8~^~0~^~8~^~0~^~8~^~11~^~9~^~13~^~11~^~0~^~16~^~11~^~0~^~19~^~16~^~0~^~22~^~19~^~0~^~25~^~22~^~0~^~0~^~29~^~22~^~0
abk-biomedical	"abk-biomedical"@2	ABK~^~Biomedical~^~is~^~located~^~in~^~Halifax~^~,~^~NS~^~,~^~and~^~was~^~co-founded~^~at~^~Dalhousie~^~University~^~by~^~interventional~^~radiologist~^~,~^~Dr.~^~Bob~^~Abraham~^~,~^~and~^~materials~^~scientists~^~Daniel~^~Boyd~^~and~^~Sharon~^~Kehoe~^~.	ABK~^~Biomedical~^~be~^~located~^~in~^~Halifax~^~,~^~NS~^~,~^~and~^~be~^~co-found~^~at~^~Dalhousie~^~University~^~by~^~interventional~^~radiologist~^~,~^~Dr.~^~Bob~^~Abraham~^~,~^~and~^~material~^~scientist~^~Daniel~^~Boyd~^~and~^~Sharon~^~Kehoe~^~.	NNP~^~NNP~^~VBZ~^~JJ~^~IN~^~NNP~^~,~^~NNP~^~,~^~CC~^~VBD~^~VBN~^~IN~^~NNP~^~NNP~^~IN~^~JJ~^~NN~^~,~^~NNP~^~NNP~^~NNP~^~,~^~CC~^~NNS~^~NNS~^~NNP~^~NNP~^~CC~^~NNP~^~NNP~^~.	O~^~O~^~O~^~O~^~O~^~LOCATION~^~O~^~O~^~O~^~O~^~O~^~O~^~O~^~ORGANIZATION~^~ORGANIZATION~^~O~^~O~^~O~^~O~^~O~^~PERSON~^~PERSON~^~O~^~O~^~O~^~O~^~PERSON~^~PERSON~^~O~^~PERSON~^~PERSON~^~O	nn~^~nsubjpass~^~cop~^~root~^~_~^~nn~^~_~^~prep_in~^~_~^~_~^~auxpass~^~conj_and~^~_~^~nn~^~prep_at~^~_~^~amod~^~agent~^~_~^~nn~^~nn~^~conj_and~^~_~^~_~^~conj_and~^~nn~^~nn~^~dep~^~_~^~nn~^~conj_and~^~_	2~^~12~^~4~^~0~^~0~^~8~^~0~^~4~^~0~^~0~^~12~^~4~^~0~^~15~^~12~^~0~^~18~^~12~^~0~^~22~^~22~^~18~^~0~^~0~^~18~^~28~^~28~^~25~^~0~^~31~^~28~^~0
abk-biomedical	"abk-biomedical"@1	The~^~company~^~is~^~driven~^~by~^~the~^~unmet~^~clinical~^~need~^~to~^~develop~^~integrated~^~solutions~^~-LRB-~^~devices~^~and~^~instruments~^~-RRB-~^~to~^~simplify~^~embolotherapy~^~procedures~^~performed~^~by~^~interventional~^~radiologists~^~,~^~particularly~^~uterine~^~fibroid~^~embolization~^~-LRB-~^~UFE~^~-RRB-~^~.	the~^~company~^~be~^~drive~^~by~^~the~^~unmet~^~clinical~^~need~^~to~^~develop~^~integrated~^~solution~^~-lrb-~^~device~^~and~^~instrument~^~-rrb-~^~to~^~simplify~^~embolotherapy~^~procedure~^~perform~^~by~^~interventional~^~radiologist~^~,~^~particularly~^~uterine~^~fibroid~^~embolization~^~-lrb-~^~ufe~^~-rrb-~^~.	DT~^~NN~^~VBZ~^~VBN~^~IN~^~DT~^~JJ~^~JJ~^~NN~^~TO~^~VB~^~JJ~^~NNS~^~-LRB-~^~NNS~^~CC~^~NNS~^~-RRB-~^~TO~^~VB~^~JJ~^~NNS~^~VBN~^~IN~^~JJ~^~NNS~^~,~^~RB~^~JJ~^~NN~^~NN~^~-LRB-~^~NN~^~-RRB-~^~.	O~^~O~^~O~^~O~^~O~^~O~^~O~^~O~^~O~^~O~^~O~^~O~^~O~^~O~^~O~^~O~^~O~^~O~^~O~^~O~^~O~^~O~^~O~^~O~^~O~^~O~^~O~^~O~^~O~^~O~^~O~^~O~^~O~^~O~^~O	det~^~nsubjpass~^~auxpass~^~root~^~_~^~det~^~amod~^~amod~^~agent~^~aux~^~xcomp~^~amod~^~dobj~^~_~^~dep~^~_~^~conj_and~^~_~^~aux~^~xcomp~^~amod~^~dobj~^~vmod~^~_~^~amod~^~agent~^~_~^~advmod~^~amod~^~nn~^~appos~^~_~^~appos~^~_~^~_	2~^~4~^~4~^~0~^~0~^~9~^~9~^~9~^~4~^~11~^~4~^~13~^~11~^~0~^~11~^~0~^~15~^~0~^~20~^~11~^~22~^~20~^~22~^~0~^~26~^~23~^~0~^~29~^~31~^~31~^~26~^~0~^~31~^~0~^~0
abk-biomedical	"abk-biomedical"@0	ABK~^~Biomedical~^~is~^~a~^~research~^~and~^~development~^~company~^~innovating~^~next~^~generation~^~embolotherapeutic~^~products~^~and~^~delivery~^~devices~^~for~^~the~^~treatment~^~of~^~uterine~^~fibroids~^~,~^~hypervascularized~^~tumours~^~,~^~and~^~arteriovenous~^~malformations~^~.	ABK~^~Biomedical~^~be~^~a~^~research~^~and~^~development~^~company~^~innovate~^~next~^~generation~^~embolotherapeutic~^~product~^~and~^~delivery~^~device~^~for~^~the~^~treatment~^~of~^~uterine~^~fibroid~^~,~^~hypervascularized~^~tumour~^~,~^~and~^~arteriovenous~^~malformation~^~.	NNP~^~NNP~^~VBZ~^~DT~^~NN~^~CC~^~NN~^~NN~^~VBG~^~JJ~^~NN~^~JJ~^~NNS~^~CC~^~NN~^~NNS~^~IN~^~DT~^~NN~^~IN~^~JJ~^~NNS~^~,~^~JJ~^~NNS~^~,~^~CC~^~JJ~^~NNS~^~.	O~^~O~^~O~^~O~^~O~^~O~^~O~^~O~^~O~^~O~^~O~^~O~^~O~^~O~^~O~^~O~^~O~^~O~^~O~^~O~^~O~^~O~^~O~^~O~^~O~^~O~^~O~^~O~^~O~^~O	nn~^~nsubj~^~cop~^~det~^~nn~^~_~^~nn~^~root~^~vmod~^~amod~^~dobj~^~amod~^~dep~^~_~^~nn~^~conj_and~^~_~^~det~^~prep_for~^~_~^~amod~^~prep_of~^~_~^~amod~^~conj_and~^~_~^~_~^~amod~^~conj_and~^~_	2~^~8~^~8~^~8~^~8~^~0~^~8~^~0~^~8~^~11~^~9~^~13~^~11~^~0~^~16~^~11~^~0~^~19~^~16~^~0~^~22~^~19~^~0~^~25~^~22~^~0~^~0~^~29~^~22~^~0
accuri-cytometers	"accuri-cytometers"@2	As~^~a~^~result~^~,~^~the~^~company~^~is~^~looking~^~to~^~develop~^~affordable~^~and~^~robust~^~cytometers~^~.	as~^~a~^~result~^~,~^~the~^~company~^~be~^~look~^~to~^~develop~^~affordable~^~and~^~robust~^~cytometer~^~.	IN~^~DT~^~NN~^~,~^~DT~^~NN~^~VBZ~^~VBG~^~TO~^~VB~^~JJ~^~CC~^~JJ~^~NNS~^~.	O~^~O~^~O~^~O~^~O~^~O~^~O~^~O~^~O~^~O~^~O~^~O~^~O~^~O~^~O	_~^~det~^~prep_as~^~_~^~det~^~nsubj~^~aux~^~root~^~aux~^~xcomp~^~amod~^~_~^~amod~^~dobj~^~_	0~^~3~^~8~^~0~^~6~^~8~^~8~^~0~^~10~^~8~^~14~^~0~^~14~^~10~^~0
1006-tv	"1006-tv"@11	TV~^~was~^~established~^~in~^~September~^~2009~^~and~^~is~^~based~^~in~^~Beijing~^~,~^~China~^~.	tv~^~be~^~establish~^~in~^~September~^~2009~^~and~^~be~^~base~^~in~^~Beijing~^~,~^~China~^~.	NN~^~VBD~^~VBN~^~IN~^~NNP~^~CD~^~CC~^~VBZ~^~VBN~^~IN~^~NNP~^~,~^~NNP~^~.	O~^~O~^~O~^~O~^~DATE~^~DATE~^~O~^~O~^~O~^~O~^~LOCATION~^~O~^~LOCATION~^~O	nsubjpass~^~auxpass~^~root~^~_~^~prep_in~^~num~^~_~^~auxpass~^~conj_and~^~_~^~nn~^~_~^~prep_in~^~_	9~^~3~^~0~^~0~^~3~^~5~^~0~^~9~^~3~^~0~^~13~^~0~^~9~^~0
1006-tv	"1006-tv"@10	1006~^~.	1006~^~.	CD~^~.	DATE~^~O	root~^~_	0~^~0
1006-tv	"1006-tv"@9	It~^~has~^~received~^~funds~^~from~^~ClearVue~^~Partners~^~,~^~Matrix~^~Partners~^~,~^~Sequoia~^~Capital~^~,~^~and~^~other~^~venture~^~firms~^~.	it~^~have~^~receive~^~fund~^~from~^~ClearVue~^~Partners~^~,~^~Matrix~^~Partners~^~,~^~Sequoia~^~Capital~^~,~^~and~^~other~^~venture~^~firm~^~.	PRP~^~VBZ~^~VBN~^~NNS~^~IN~^~NNP~^~NNPS~^~,~^~NNP~^~NNPS~^~,~^~NNP~^~NNP~^~,~^~CC~^~JJ~^~NN~^~NNS~^~.	O~^~O~^~O~^~O~^~O~^~ORGANIZATION~^~ORGANIZATION~^~O~^~ORGANIZATION~^~ORGANIZATION~^~O~^~ORGANIZATION~^~ORGANIZATION~^~O~^~O~^~O~^~O~^~O~^~O	nsubj~^~aux~^~root~^~dobj~^~_~^~nn~^~prep_from~^~_~^~nn~^~conj_and~^~_~^~nn~^~conj_and~^~_~^~_~^~amod~^~nn~^~conj_and~^~_	3~^~3~^~0~^~3~^~0~^~7~^~3~^~0~^~10~^~7~^~0~^~13~^~7~^~0~^~0~^~18~^~18~^~7~^~0
1006-tv	"1006-tv"@8	Key~^~features~^~of~^~the~^~platform~^~would~^~be~^~the~^~fusion~^~of~^~expression~^~elements~^~that~^~provides~^~a~^~more~^~realistic~^~gaming~^~experience~^~.	key~^~feature~^~of~^~the~^~platform~^~would~^~be~^~the~^~fusion~^~of~^~expression~^~element~^~that~^~provide~^~a~^~more~^~realistic~^~gaming~^~experience~^~.	NN~^~NNS~^~IN~^~DT~^~NN~^~MD~^~VB~^~DT~^~NN~^~IN~^~NN~^~NNS~^~WDT~^~VBZ~^~DT~^~RBR~^~JJ~^~NN~^~NN~^~.	O~^~O~^~O~^~O~^~O~^~O~^~O~^~O~^~O~^~O~^~O~^~O~^~O~^~O~^~O~^~O~^~O~^~O~^~O~^~O	nn~^~nsubj~^~_~^~det~^~prep_of~^~aux~^~cop~^~det~^~root~^~_~^~nn~^~prep_of~^~nsubj~^~rcmod~^~det~^~advmod~^~amod~^~nn~^~dobj~^~_	2~^~9~^~0~^~5~^~2~^~9~^~9~^~9~^~0~^~0~^~12~^~9~^~14~^~9~^~19~^~17~^~19~^~19~^~14~^~0
1006-tv	"1006-tv"@7	As~^~of~^~June~^~2014~^~,~^~it~^~has~^~36~^~million~^~users~^~and~^~1.7~^~million~^~active~^~users~^~.	as~^~of~^~June~^~2014~^~,~^~it~^~have~^~36~^~million~^~user~^~and~^~1.7~^~million~^~active~^~user~^~.	IN~^~IN~^~NNP~^~CD~^~,~^~PRP~^~VBZ~^~CD~^~CD~^~NNS~^~CC~^~CD~^~CD~^~JJ~^~NNS~^~.	O~^~O~^~DATE~^~DATE~^~O~^~O~^~O~^~NUMBER~^~NUMBER~^~O~^~O~^~NUMBER~^~NUMBER~^~O~^~O~^~O	_~^~prepc_as_of~^~pobj~^~num~^~_~^~nsubj~^~root~^~number~^~num~^~dobj~^~_~^~number~^~num~^~amod~^~conj_and~^~_	0~^~7~^~7~^~3~^~0~^~7~^~0~^~9~^~10~^~7~^~0~^~13~^~15~^~15~^~10~^~0
1006-tv	"1006-tv"@6	It~^~is~^~a~^~key~^~UGC~^~platform~^~in~^~China~^~.	it~^~be~^~a~^~key~^~ugc~^~platform~^~in~^~China~^~.	PRP~^~VBZ~^~DT~^~JJ~^~NN~^~NN~^~IN~^~NNP~^~.	O~^~O~^~O~^~O~^~O~^~O~^~O~^~LOCATION~^~O	nsubj~^~cop~^~det~^~amod~^~nn~^~root~^~_~^~prep_in~^~_	6~^~6~^~6~^~6~^~6~^~0~^~0~^~6~^~0
1006-tv	"1006-tv"@5	TV~^~also~^~provides~^~mobile~^~product~^~reviews~^~,~^~PC-based~^~gaming~^~versions~^~,~^~and~^~more~^~information~^~and~^~functions~^~.	tv~^~also~^~provide~^~mobile~^~product~^~review~^~,~^~pc-based~^~gaming~^~version~^~,~^~and~^~more~^~information~^~and~^~function~^~.	NN~^~RB~^~VBZ~^~JJ~^~NN~^~NNS~^~,~^~JJ~^~NN~^~NNS~^~,~^~CC~^~JJR~^~NN~^~CC~^~NNS~^~.	O~^~O~^~O~^~O~^~O~^~O~^~O~^~O~^~O~^~O~^~O~^~O~^~O~^~O~^~O~^~O~^~O	nsubj~^~advmod~^~root~^~amod~^~nn~^~dobj~^~_~^~amod~^~nn~^~conj_and~^~_~^~_~^~amod~^~conj_and~^~_~^~conj_and~^~_	3~^~3~^~0~^~6~^~6~^~3~^~0~^~10~^~10~^~6~^~0~^~0~^~14~^~6~^~0~^~14~^~0
1006-tv	"1006-tv"@4	1006~^~.	1006~^~.	CD~^~.	DATE~^~O	root~^~_	0~^~0
1006-tv	"1006-tv"@3	It~^~enables~^~users~^~to~^~find~^~and~^~share~^~more~^~interesting~^~mobile~^~games~^~.	it~^~enable~^~user~^~to~^~find~^~and~^~share~^~more~^~interesting~^~mobile~^~game~^~.	PRP~^~VBZ~^~NNS~^~TO~^~VB~^~CC~^~VB~^~RBR~^~JJ~^~JJ~^~NNS~^~.	O~^~O~^~O~^~O~^~O~^~O~^~O~^~O~^~O~^~O~^~O~^~O	nsubj~^~root~^~nsubj~^~aux~^~xcomp~^~_~^~conj_and~^~advmod~^~amod~^~amod~^~dobj~^~_	2~^~0~^~7~^~5~^~2~^~0~^~5~^~9~^~11~^~11~^~5~^~0
1006-tv	"1006-tv"@2	It~^~provides~^~mobile~^~game~^~rankings~^~,~^~reviews~^~,~^~news~^~,~^~games~^~,~^~video~^~reviews~^~,~^~and~^~other~^~media~^~services~^~.	it~^~provide~^~mobile~^~game~^~ranking~^~,~^~review~^~,~^~news~^~,~^~game~^~,~^~video~^~review~^~,~^~and~^~other~^~media~^~service~^~.	PRP~^~VBZ~^~JJ~^~NN~^~NNS~^~,~^~NNS~^~,~^~NN~^~,~^~NNS~^~,~^~NN~^~NNS~^~,~^~CC~^~JJ~^~NNS~^~NNS~^~.	O~^~O~^~O~^~O~^~O~^~O~^~O~^~O~^~O~^~O~^~O~^~O~^~O~^~O~^~O~^~O~^~O~^~O~^~O~^~O	nsubj~^~root~^~amod~^~nn~^~dobj~^~_~^~conj_and~^~_~^~conj_and~^~_~^~conj_and~^~_~^~nn~^~conj_and~^~_~^~_~^~amod~^~nn~^~conj_and~^~_	2~^~0~^~5~^~5~^~2~^~0~^~5~^~0~^~5~^~0~^~5~^~0~^~14~^~5~^~0~^~0~^~19~^~19~^~5~^~0
1006-tv	"1006-tv"@1	TV~^~develops~^~mobile~^~games~^~,~^~gaming~^~platforms~^~,~^~and~^~related~^~media~^~,~^~along~^~with~^~media~^~evaluation~^~services~^~and~^~information~^~about~^~these~^~products~^~.	tv~^~develop~^~mobile~^~game~^~,~^~gaming~^~platform~^~,~^~and~^~related~^~media~^~,~^~along~^~with~^~media~^~evaluation~^~service~^~and~^~information~^~about~^~these~^~product~^~.	NN~^~VBZ~^~JJ~^~NNS~^~,~^~NN~^~NNS~^~,~^~CC~^~JJ~^~NNS~^~,~^~IN~^~IN~^~NNS~^~NN~^~NNS~^~CC~^~NN~^~IN~^~DT~^~NNS~^~.	O~^~O~^~O~^~O~^~O~^~O~^~O~^~O~^~O~^~O~^~O~^~O~^~O~^~O~^~O~^~O~^~O~^~O~^~O~^~O~^~O~^~O~^~O	nsubj~^~root~^~amod~^~dobj~^~_~^~nn~^~tmod~^~_~^~_~^~amod~^~conj_and~^~_~^~_~^~_~^~prep_along_with~^~nn~^~dep~^~_~^~conj_and~^~_~^~det~^~prep_about~^~_	2~^~0~^~4~^~2~^~0~^~7~^~2~^~0~^~0~^~11~^~7~^~0~^~0~^~0~^~7~^~17~^~15~^~0~^~15~^~0~^~22~^~19~^~0
1006-tv	"1006-tv"@0	1006~^~.	1006~^~.	CD~^~.	DATE~^~O	root~^~_	0~^~0
1006-tv	"1006-tv"@11	TV~^~was~^~established~^~in~^~September~^~2009~^~and~^~is~^~based~^~in~^~Beijing~^~,~^~China~^~.	tv~^~be~^~establish~^~in~^~September~^~2009~^~and~^~be~^~base~^~in~^~Beijing~^~,~^~China~^~.	NN~^~VBD~^~VBN~^~IN~^~NNP~^~CD~^~CC~^~VBZ~^~VBN~^~IN~^~NNP~^~,~^~NNP~^~.	O~^~O~^~O~^~O~^~DATE~^~DATE~^~O~^~O~^~O~^~O~^~LOCATION~^~O~^~LOCATION~^~O	nsubjpass~^~auxpass~^~root~^~_~^~prep_in~^~num~^~_~^~auxpass~^~conj_and~^~_~^~nn~^~_~^~prep_in~^~_	9~^~3~^~0~^~0~^~3~^~5~^~0~^~9~^~3~^~0~^~13~^~0~^~9~^~0
1006-tv	"1006-tv"@10	1006~^~.	1006~^~.	CD~^~.	DATE~^~O	root~^~_	0~^~0
1006-tv	"1006-tv"@9	It~^~has~^~received~^~funds~^~from~^~ClearVue~^~Partners~^~,~^~Matrix~^~Partners~^~,~^~Sequoia~^~Capital~^~,~^~and~^~other~^~venture~^~firms~^~.	it~^~have~^~receive~^~fund~^~from~^~ClearVue~^~Partners~^~,~^~Matrix~^~Partners~^~,~^~Sequoia~^~Capital~^~,~^~and~^~other~^~venture~^~firm~^~.	PRP~^~VBZ~^~VBN~^~NNS~^~IN~^~NNP~^~NNPS~^~,~^~NNP~^~NNPS~^~,~^~NNP~^~NNP~^~,~^~CC~^~JJ~^~NN~^~NNS~^~.	O~^~O~^~O~^~O~^~O~^~ORGANIZATION~^~ORGANIZATION~^~O~^~ORGANIZATION~^~ORGANIZATION~^~O~^~ORGANIZATION~^~ORGANIZATION~^~O~^~O~^~O~^~O~^~O~^~O	nsubj~^~aux~^~root~^~dobj~^~_~^~nn~^~prep_from~^~_~^~nn~^~conj_and~^~_~^~nn~^~conj_and~^~_~^~_~^~amod~^~nn~^~conj_and~^~_	3~^~3~^~0~^~3~^~0~^~7~^~3~^~0~^~10~^~7~^~0~^~13~^~7~^~0~^~0~^~18~^~18~^~7~^~0
23andme	"23andme"@6	One~^~reason~^~the~^~Google~^~investment~^~in~^~23andMe~^~made~^~sense~^~,~^~was~^~that~^~this~^~company~^~could~^~enable~^~the~^~search~^~giant~^~to~^~index~^~another~^~facet~^~of~^~the~^~world~^~ ~^~s~^~information~^~.	one~^~reason~^~the~^~Google~^~investment~^~in~^~23andme~^~make~^~sense~^~,~^~be~^~that~^~this~^~company~^~could~^~enable~^~the~^~search~^~giant~^~to~^~index~^~another~^~facet~^~of~^~the~^~world~^~ ~^~s~^~information~^~.	CD~^~NN~^~DT~^~NNP~^~NN~^~IN~^~NN~^~VBD~^~NN~^~,~^~VBD~^~IN~^~DT~^~NN~^~MD~^~VB~^~DT~^~NN~^~NN~^~TO~^~NN~^~DT~^~NN~^~IN~^~DT~^~NN~^~NN~^~VBZ~^~NN~^~.	NUMBER~^~O~^~O~^~ORGANIZATION~^~O~^~O~^~O~^~O~^~O~^~O~^~O~^~O~^~O~^~O~^~O~^~O~^~O~^~O~^~O~^~O~^~O~^~O~^~O~^~O~^~O~^~O~^~O~^~O~^~O~^~O	num~^~nsubj~^~det~^~nn~^~nsubj~^~_~^~prep_in~^~rcmod~^~dobj~^~_~^~root~^~mark~^~det~^~nsubj~^~aux~^~ccomp~^~det~^~nn~^~dobj~^~_~^~prep_to~^~det~^~nsubj~^~_~^~det~^~nn~^~prep_of~^~cop~^~rcmod~^~_	2~^~11~^~5~^~5~^~8~^~0~^~5~^~2~^~8~^~0~^~0~^~16~^~14~^~16~^~16~^~11~^~19~^~19~^~16~^~0~^~16~^~23~^~29~^~0~^~27~^~27~^~23~^~29~^~21~^~0
23andme	"23andme"@5	The~^~company~^~also~^~markets~^~to~^~researchers~^~and~^~scientists~^~,~^~for~^~whom~^~they~^~provide~^~neatly~^~categorized~^~and~^~easily~^~searchable~^~data~^~.	the~^~company~^~also~^~market~^~to~^~researcher~^~and~^~scientist~^~,~^~for~^~whom~^~they~^~provide~^~neatly~^~categorize~^~and~^~easily~^~searchable~^~datum~^~.	DT~^~NN~^~RB~^~VBZ~^~TO~^~NNS~^~CC~^~NNS~^~,~^~IN~^~WP~^~PRP~^~VBP~^~RB~^~VBN~^~CC~^~RB~^~JJ~^~NNS~^~.	O~^~O~^~O~^~O~^~O~^~O~^~O~^~O~^~O~^~O~^~O~^~O~^~O~^~O~^~O~^~O~^~O~^~O~^~O~^~O	det~^~nsubj~^~advmod~^~root~^~_~^~prep_to~^~_~^~conj_and~^~_~^~_~^~prep_for~^~nsubj~^~rcmod~^~advmod~^~ccomp~^~_~^~advmod~^~amod~^~conj_and~^~_	2~^~4~^~4~^~0~^~0~^~4~^~0~^~6~^~0~^~0~^~13~^~13~^~6~^~15~^~13~^~0~^~19~^~19~^~15~^~0
23andme	"23andme"@4	23andMe~^~allows~^~its~^~clients/users~^~to~^~study~^~their~^~ancestry~^~,~^~genealogy~^~,~^~and~^~inherited~^~traits~^~.	23andme~^~allow~^~its~^~clients/users~^~to~^~study~^~they~^~ancestry~^~,~^~genealogy~^~,~^~and~^~inherit~^~trait~^~.	NN~^~VBZ~^~PRP$~^~NNS~^~TO~^~VB~^~PRP$~^~NN~^~,~^~NN~^~,~^~CC~^~VBN~^~NNS~^~.	O~^~O~^~O~^~O~^~O~^~O~^~O~^~O~^~O~^~O~^~O~^~O~^~O~^~O~^~O	nsubj~^~root~^~poss~^~dobj~^~aux~^~xcomp~^~poss~^~dobj~^~_~^~conj_and~^~_~^~_~^~amod~^~conj_and~^~_	2~^~0~^~4~^~2~^~6~^~2~^~8~^~6~^~0~^~8~^~0~^~0~^~14~^~8~^~0
23andme	"23andme"@3	They~^~aim~^~to~^~help~^~people~^~understand~^~what~^~their~^~genes~^~mean~^~by~^~indexing~^~them~^~and~^~highlighting~^~significant~^~findings~^~.	they~^~aim~^~to~^~help~^~people~^~understand~^~what~^~they~^~gene~^~mean~^~by~^~index~^~they~^~and~^~highlight~^~significant~^~finding~^~.	PRP~^~VBP~^~TO~^~VB~^~NNS~^~VB~^~WP~^~PRP$~^~NNS~^~VBP~^~IN~^~VBG~^~PRP~^~CC~^~VBG~^~JJ~^~NNS~^~.	O~^~O~^~O~^~O~^~O~^~O~^~O~^~O~^~O~^~O~^~O~^~O~^~O~^~O~^~O~^~O~^~O~^~O	nsubj~^~root~^~aux~^~xcomp~^~nsubj~^~ccomp~^~dobj~^~poss~^~nsubj~^~ccomp~^~_~^~prepc_by~^~dobj~^~_~^~conj_and~^~amod~^~dobj~^~_	2~^~0~^~4~^~2~^~6~^~4~^~10~^~9~^~10~^~6~^~0~^~10~^~12~^~0~^~12~^~17~^~15~^~0
23andme	"23andme"@2	The~^~company~^~was~^~named~^~after~^~the~^~number~^~of~^~chromosome~^~pairs~^~in~^~humans~^~.	the~^~company~^~be~^~name~^~after~^~the~^~number~^~of~^~chromosome~^~pair~^~in~^~human~^~.	DT~^~NN~^~VBD~^~VBN~^~IN~^~DT~^~NN~^~IN~^~NN~^~NNS~^~IN~^~NNS~^~.	O~^~O~^~O~^~O~^~O~^~O~^~O~^~O~^~O~^~O~^~O~^~O~^~O	det~^~nsubjpass~^~auxpass~^~root~^~_~^~det~^~prep_after~^~_~^~nn~^~prep_of~^~_~^~prep_in~^~_	2~^~4~^~4~^~0~^~0~^~7~^~4~^~0~^~10~^~7~^~0~^~10~^~0
